"","B-cell","Dendritic","Endothelial","Fibroblast","Macrophage","Mast","myocyte","other","T-cell","tumor"
"6",0.0127798886556414,0.000845065044534808,0.348641975502487,0.495552768886386,0.00951780046355464,0,0.00859672330724585,0,0,0.124065778140151
"16",1.37988803221133e-05,0.0156588592245983,0,0.246358562093275,0.0152290902378483,0.0638958044543295,0,0.090750234426492,0.365348349257721,0.202745301425414
"17",0.0078640393297994,0,0,0,0.00225666882243741,0,0,0,0.304530172462032,0.685349119385731
"18",0.0448022770121017,0,0.0648596931617651,0.126641406869973,0.0151073343846683,0.0193876626052974,0.00864874778612614,0.0959744793776107,0.472885202117792,0.151693196684666
"20",0,0,0,0,0,0,0.000662356593696887,0,0,0.999337643406303
"22",0,0.00677585178081082,0.0167513268312378,0.335056509404209,0.0103241113320607,0.116431788100528,0,0,0,0.514660412551154
"25",0,0,0,0.326161185886709,0,0.0200060470960693,0.00818532427454428,0.0514558587067706,0.417484263621021,0.176707320414885
"26",0.00321721197456228,0.0171517989804254,0.000422596378874133,0.449596606393741,0.0216749574761763,4.63217669537975e-05,0.00275879048453117,0.114161527120511,0.0093459006642808,0.381624288759944
"28",0.0536036371295925,0,0.0550789561634358,0.528363086228817,0.0113612150473173,0.00224987170790412,0.00770458737760758,0,0,0.341638646345326
