"","B-cell","Dendritic","Endothelial","Fibroblast","Macrophage","Mast","myocyte","other","T-cell","tumor"
"6",0.0232068308616608,0.00513668340882358,0.29691362770338,0.530570754857998,0.0042633255061592,0.00822457417076577,0.0136042201692213,0,0,0.118079983321992
"16",0,0,0.0149030683792613,0.205293033413552,0.0230245778171511,0.0621739086967861,0,0.0931413372511336,0.394600463982051,0.206863610460064
"17",0,0,0.000194812791922319,0,0.00309489515454849,0,0,0,0.304479924348955,0.692230367704574
"18",0.0194923953097558,0,0.0781877802632824,0.119519296916674,0.0291989824907278,0.0198501056553131,0.000680571402997129,0.0975222261715787,0.476321898242353,0.159226743547318
"20",0,0,0,0,0,0,0,0.013805147802063,0.00300518959040852,0.983189662607528
"22",0,0,0.0147001226091651,0.310308049806536,0.0272565556163836,0.109956252923788,0,0,0,0.537779019044127
"25",0.0137884640874546,0,0,0.346716888916254,0,0.0215040274591184,0.0107068317716028,0.0542887087517903,0.393720607936341,0.15927447107744
"26",0.0199485534148709,0.0139876338186506,0,0.442561430240978,0.0142218845277458,0.00567017638141574,0.0191394272956486,0.110651201329252,0.00338637071424467,0.370433322277193
"28",0.0589378321714791,0,0.0406439312894,0.540078203001859,0.00712808420874759,0,0.0115956697674423,0,0,0.341616279561072
