"","B-cell","Dendritic","Endothelial","Fibroblast","Macrophage","Mast","myocyte","other","T-cell","tumor"
"6",0,0,0.0689296945945186,0,0,0,0,0.832363586645789,0.098706718759692,0
"16",0,0.00824026797505576,0.145168172498891,0.273563100077715,0.00511586699126399,0.0392256653120674,0,0.00660542969056395,0.316754670517258,0.205326826937185
"17",0.0049243880382197,0,0.09175672055059,0.0479383251155192,0,0.021687606570744,0,0.0314465714843013,0.0105304849409906,0.791715903299635
"18",0.030689379465088,0,0.0761325720785314,0.105508789942562,0.0381624577250072,0.0121898185688006,0,0.204125193788086,0.380396370758783,0.152795417673142
"20",0,0,0,0,0,0,0,0.0629269163487495,0.0239716417661485,0.913101441885102
"22",0,0,0.000785715967886531,0.0939631964996807,0.000130229864044668,0,0.00291374563079198,0,0,0.902207112037596
"25",0.0532418758673031,0.0358434888416782,0,0.4179298450716,0.0310440537274569,0.0291651457387979,0.00700687626041715,0,0.142832304196803,0.282936410295944
"26",0.0217929506579644,0.00763805019781037,0,0.348535707711641,0.00836899823601125,0.000168434171760345,0.0128516038585295,0.0560173582902655,0,0.544626896876018
"28",0.0322553096538463,0,0.0290569793754571,0.674280877859848,0.00778229446633695,0,0.0220637393251398,0,0,0.234560799319372
