"","B-cell","Dendritic","Endothelial","Fibroblast","Macrophage","Mast","myocyte","other","T-cell","tumor"
"6",0.0227054457528906,0.012116127481203,0.100453079851383,0.2213135940283,0.0465597396202665,0.00134181453063585,0.0236758596320948,0,0,0.571834339103226
"16",0.00647437257854873,0.00113115331905916,0.00115225274744864,0,0.00870665656436503,0.000391284848910747,0.000801088829272733,0,0.981343191112395,0
"17",0,0,0,0,0,0.0096719817451939,0,0,0.17981218605398,0.810515832200826
"18",0.00748222373972867,0,0,0,0,0.0108903433035653,0,0.418264619526843,0.384784921725307,0.178577891704556
"20",0,0,0,0,0,0,0,0,0,1
"22",0,0,0.0108910193498669,0.166131369870318,0.000558105839423828,0.181588789963452,0,0,0,0.640830714976939
"25",0.0461473582490198,0.0180805226951914,0,0.399155455608731,0,0.013074929117154,0.0249311496356826,0.00244010174627464,0.00828307856482717,0.487887404383119
"26",0,0.0169306582621385,0.000427111397368355,0.118985407983698,0.000447260025501793,0,0.00350840311537633,0.545756486814854,0.0280861734159125,0.285858498985151
"28",0.0345851795032614,0,0.0197800875507373,0.626034683564216,0.0135450660618114,0,0.011024999447694,0,0,0.29502998387228
