"","B-cell","Dendritic","Endothelial","Fibroblast","Macrophage","Mast","myocyte","other","T-cell","tumor"
"6",0.0626337425921207,0.00245189961708372,0.0911257938580448,0.206184286356265,0.0478385950867257,0,0.0320112825415734,0,0,0.557754399948187
"16",0,0.00096399173185671,0,0,0.00529187218017125,0,0.000278487284123458,0,0.993465648803849,0
"17",0,0,0,0,0.000857680665697723,0.00976223578366274,0,0,0.159477368047431,0.829902715503209
"18",0,0,0,0,0.00910075772162658,0.0124792262963785,0,0.386824137016073,0.383610213987165,0.207985664978758
"20",0,0,0,0,0,0,0.00103285652095326,0,0,0.998967143479047
"22",0,0,0,0.184356964404597,0.00397357315767616,0.172588046220901,0,0,0,0.639081416216825
"25",0.0445423980593371,0.0196051492266668,0.000137206897389411,0.395421805436699,0.00695252133883462,0.0135024917350486,0.0261553142943809,0.00315829614658802,0.0089261945302569,0.481598622334798
"26",0,0.00945870549749739,0,0.10418154862401,0,0,0.00450271565891082,0.570012333108893,0.0282127475414186,0.28363194956927
"28",0.0378830177247728,0,0.0124920755548889,0.636427112718029,0.00244843608534888,0.000821951446894042,0.0149772288229578,0,0,0.294950177647108
