"","B-cell","Dendritic","Endothelial","Fibroblast","Macrophage","Mast","myocyte","other","T-cell","tumor"
"6",0.000334415760907309,0,0.279030982369666,0.135616918007297,0.0145506959932282,0.0119638785656926,0.00450440168804724,0,0,0.553998707615162
"16",0.0204613208801773,0.00290596411024319,0.308155481858249,0.293557515336922,0.0251826269034018,0.0239424955999176,0,0,0.301537875678184,0.0242567196329061
"17",0.0126560913616426,0,0.0306484295633356,0.0954097521754919,0.013284942548095,0.0114457416846976,0,0.0570763647445586,0.0249807984350785,0.7544978794871
"18",0.0165007883610791,0,0.0093565252792568,0.0495477980462615,0.0204219364208745,0.0527516318513209,0,0.256672620178667,0.131430131103026,0.463318568759514
"20",0,0,0.00405195591854684,0.0605622064859803,0,0,0.000200931243364635,0.0986629155621373,0,0.836521990789971
"22",0,0,0.00431520881371369,0.193572852600492,0,0.0348757347717842,0,0.0546363998143045,0,0.712599803999705
"25",0.0558947791627023,0.000378281980830363,0,0.542668977297252,0.0133286720987919,0.0094475797885732,0.0214838733023882,0,0,0.356797836369462
"26",0.00919918314399387,0.013205212716181,0.00982302427425771,0.373840494362695,0.0188355310741291,0.00596028636225379,0.00435582299611154,0.00760856215164403,0,0.557171882918734
"28",0.0515058142118667,0,0.019548775455134,0.720579861117391,0.00397546750116374,0,0.00146292889044613,0,0,0.202927152823998
