"","B-cell","Dendritic","Endothelial","Fibroblast","Macrophage","Mast","myocyte","other","T-cell","tumor"
"6",0.0331205778993049,0.00283478463140952,0.0968394528823727,0.209715272358663,0.0595239990721503,0,0.041018208018798,0,0,0.556947705137302
"16",0,0.00195189194220141,0,0,0.0140606459014989,0,0,0,0.9839874621563,0
"17",0,0,0,0,0.00886761404444474,0.0102678727649131,0,0,0.152021454870606,0.828843058320036
"18",0,0,0,0,0.0087124379121176,0.0106888963536015,0,0.390061877487782,0.388563730764604,0.201973057481895
"20",0,0,0,0,0,0,0,0,0,1
"22",0,0,0.00297387496354268,0.160422853240767,0.00200408182492942,0.173148680582277,0,0.0265598353547045,0,0.63489067403378
"25",0.0444393487061569,0.0228763440283029,0.00327810304914028,0.395072649087736,0,0.0151284489802716,0.0204488269897136,0.0190782091998108,0.010227816283121,0.469450253675747
"26",0,0.00301756473765168,0,0.100150463639914,0,0,0.00273424271320673,0.609014826077304,0.0432242912063169,0.241858611625607
"28",0.0386687888906298,0,0.00926329213025484,0.635623339874606,0.00284564097743022,0,0.0177254886575654,0,0,0.295873449469513
