"","B-cell","Dendritic","Endothelial","Fibroblast","Macrophage","Mast","myocyte","other","T-cell","tumor"
"6",0,0,0.0779925438078531,0,0,0,0.00397471415378579,0.843503696189525,0.0745290458488364,0
"16",0,0.00683946384396392,0.13896467152113,0.295923388853183,0.0070367764147474,0.0366795624686796,0,0,0.309500919504862,0.205055217393434
"17",0.00265969054847006,0,0.0915193849706524,0.0478349678012688,0,0.0198240800631249,0,0.000724524160413611,0.0171989504548926,0.820238402001178
"18",0.034743511690161,0,0.0790839637549311,0.0921806201972828,0.0388338562896235,0.00929647550786396,0,0.220480028015959,0.380429029449473,0.144952515094706
"20",0,0,0,0,0,0,0,0.0521299816415513,0.016604037219697,0.931265981138752
"22",0,0,0,0.11299865642357,0,0,0.00547828735863961,0,0,0.88152305621779
"25",0.0485002989887754,0.0335508531944652,0,0.418064470609399,0.0196186140550199,0.0306724648283203,0.00661507244499806,0,0.165496150918016,0.277482074961005
"26",0.0106688799834429,0.0089318804839474,0,0.350918000356332,0.00811135664433571,0.000501590985583251,0.0108633085069524,0.0760737907318961,0,0.53393119230751
"28",0.0315836398590934,0,0.0333505432311756,0.674095165727036,0.00644161135178985,0,0.0220570518883024,0,0,0.232471987942603
