"","B-cell","Dendritic","Endothelial","Fibroblast","Macrophage","Mast","myocyte","other","T-cell","tumor"
"6",0.0347141975828821,0,0.17306493201071,0.334414764534097,0.0196645617391737,0.00435707672311584,0.00167918471507299,0.124114005038834,0,0.307991277656115
"16",0,0.00227554958854167,0,0.238513770410659,0.00308462838924233,0.00181487722345228,0.00778128350737566,0.108482681530642,0.57701250643387,0.0610347029162165
"17",0.00861439770083575,0.000403861701288972,0.0127074142246566,0.0289929956470912,0.000503060392925642,0.0209943963327313,0,0,0.0170878959440088,0.910695978056462
"18",0.0176967005471855,0,0.0814034513480254,0.0958589358458734,0.0446284032175724,0.0184188106560862,0,0.051826569027458,0.432812719502076,0.257354409855723
"20",0,0,0,0,0,0,0,0.125980871076103,0,0.874019128923897
"22",0,0,0.00381939871890383,0.349015611689924,0,0.133795974717182,0,0,0,0.51336901487399
"25",0.0343780997102392,0.0162632357051973,0.0089027805123746,0.297195830706685,0.00680844846800984,0.0188252162335616,0.0099414983217191,0.0175303514212453,0.361100108922726,0.229054429998242
"26",0.00997125624853898,0.0239441877587868,0.00693697186661836,0.363144452692362,0.0310733380634181,0.0104033470544001,0.00426486797214175,0.0127302075608405,0.0175090302280238,0.52002234055487
"28",0.01302398187137,0,0.0154231262166587,0.689804735697096,0.0121325115685011,0.00686896163732392,0.0422288253169501,0,0,0.2205178576921
