"","B-cell","Dendritic","Endothelial","Fibroblast","Macrophage","Mast","myocyte","other","T-cell","tumor"
"6",0,0,0.277678604194815,0.111863389330664,0.0156945752776925,0.0123750569529706,0.012959406682075,0,0,0.569428967561783
"16",0.00862914933162539,0,0.33553431662817,0.262451504167202,0.0422873186704074,0.0239459885399847,0,0,0.295338171319423,0.0318135513431876
"17",0.00148443360530015,0.00691243172975079,0.0479491010220617,0.0618164600979505,0.00841811620847371,0.0104656237139482,0,0.0834038993176626,0.0211500128224251,0.758399921482427
"18",0.0202872723635689,0,0.027445980322678,0.0383936763032372,0.0261858519989603,0.046242204022121,0,0.18939311687243,0.137402750980367,0.514649147136637
"20",0,0,0,0.0567629437802283,0,0,0,0.12669205790102,0.00151808932353327,0.815026908995218
"22",0,0,0.00474214794197679,0.165851416307058,0,0.0392983932984272,0,0.120987601454448,0,0.66912044099809
"25",0.0592142317079648,0,0,0.536444819584319,0.0170963970148361,0.00515439482021914,0.0292381036338336,0,0,0.352852053238827
"26",0.0335351416338944,0.0136473695357715,0.0038372475307279,0.385891162722611,0.0159376534484442,0,0.0108978917010128,0,0,0.536253533427538
"28",0.0478368021039565,0,0.0155112922192249,0.725260431443515,0.00513426945290146,0,0.00351451869155562,0,0,0.202742686088846
