"","B-cell","Dendritic","Endothelial","Fibroblast","Macrophage","Mast","myocyte","other","T-cell","tumor"
"6",0,0.00246807582274311,0.0859181307727789,0,0,0,0.00188091724401312,0.882383076454995,0.0273497997054696,0
"16",0.00588022764252935,0.0116512998398367,0.129258675718261,0.309512804472919,0.00399490657634923,0.0398940053725942,0,0.00531502353088622,0.296189595476339,0.198303461370285
"17",0.0266897835847883,0,0.0726922429831933,0.0888639816825941,0,0.0210918719378537,0,0,0.00802873935682898,0.782633380454742
"18",0.0453260893329342,0,0.0580549508160231,0.110924137416377,0.0264633464401695,0.0116435612457544,0.00214673022699019,0.253995835792231,0.373013535286132,0.118431813443389
"20",0,0,0,0,0,0,0.00030205828520249,0.053078646790351,0.0130480035212758,0.933571291403171
"22",0,0,0,0.117204824684908,0,0,0.00224981567441218,0,0,0.88054535964068
"25",0.0304501602716575,0.0120877174163871,0,0.403882211453948,0.0218821801215664,0.0314380569480328,0.00509977267690543,0,0.208863399855889,0.286296501255614
"26",0.00359277057449299,0.0146407248207541,0.00611729414638382,0.330257012055505,0.0152613843231615,0.000182916060138296,0.00489478320685341,0.0885016332985712,7.84893654553996e-05,0.536472992148685
"28",0.0351536867387011,0,0.0395801683733509,0.659987878215863,0.00929064722550631,0,0.0224340364210739,0,0,0.233553583025505
