"","B-cell","Dendritic","Endothelial","Fibroblast","Macrophage","Mast","myocyte","other","T-cell","tumor"
"6",0,0.000356473087991169,0.0817946367023731,0,0,0.00210341582633523,0.00303057370202154,0.861595526430243,0.0511193742510361,0
"16",0.00569059798913366,0.00963156326137324,0.131790470492247,0.302352079353347,0.00449763311262607,0.0407174903899386,0,0.00631094189788101,0.301360615135475,0.197648608367978
"17",0.0192077231161301,0,0.0744901002787764,0.0709877376828056,0,0.0215186752984779,0,0.0199328157376702,0.00705250131516987,0.78681044657097
"18",0.0501888347435985,0,0.0603258550052704,0.118485468419145,0.0243843388753119,0.0148250909062264,0.00196501335811664,0.234184110649597,0.368701740887822,0.126939547154912
"20",0,0,0,0,0,0,0.000157912746135687,0.0441825049131688,0.0195349782944231,0.936124604046272
"22",0,0,0,0.105378199387181,0,0,0.00315085700232036,0,0,0.891470943610498
"25",0.0355460468778767,0.0207017094194274,0,0.402590684461698,0.0193670091561569,0.0322057904450117,0.00501155379421118,0,0.19538026173764,0.289196944107978
"26",0.00471587080612579,0.012888341570791,0.00454920116228235,0.335997139408708,0.00951264209558467,0.000350315329205121,0.0038869206227404,0.0765338415527018,0.0082109156180065,0.543354811833854
"28",0.0355291047066554,0,0.0394942127457941,0.661215271466935,0.00851016421433672,0,0.0232073916472911,0,0,0.232043855218987
