"","B-cell","Dendritic","Endothelial","Fibroblast","Macrophage","Mast","myocyte","other","T-cell","tumor"
"6",0.00685521562334778,0,0.282933120600266,0.130181590641392,0.01200537726429,0.0124441512886275,0.00319630924412421,0,0,0.552384235337952
"16",0.022264813378682,0,0.290361851357657,0.31564795470743,0.0194783362733705,0.0253815524249818,0,0,0.31131098288003,0.0155545089778482
"17",0.0121303883622588,0,0.0277718251444568,0.134054460390895,0.011888052350211,0.00964144165775412,0,0.00248440821393762,0.0369639981153392,0.765065425765147
"18",0.0140318544678374,0,0.00814537364121189,0.0407160358008605,0.0247672542762943,0.0489749352484543,0,0.287244397146747,0.127433710377807,0.448686439040787
"20",0,0,0.00526407833434209,0.0567825014315605,0,0,0.000268958158956214,0.0844718894069941,0,0.853212572668147
"22",0,0,0.00821428083926664,0.18730341043845,0,0.0327780356181998,0,0.0490240771892973,0,0.722680195914786
"25",0.0548940496033642,0.000932802473062835,0,0.541199989993975,0.0103566239553349,0.00993741178327637,0.0216158103820862,0,0,0.3610633118089
"26",0.00897120042501444,0.0181654666084286,0.00817045369393064,0.376360592219558,0.0171437885494824,0.0034588577114431,0.0038378274660806,0.0104558819520851,0,0.553435931373977
"28",0.0538085994525436,0,0.014909697004187,0.720934196279643,0.00442819748020709,0,0.000705490537117496,0,0,0.205213819246302
