"","B-cell","Dendritic","Endothelial","Fibroblast","Macrophage","Mast","myocyte","other","T-cell","tumor"
"6",0.00200659242324876,0.0019874787049859,0.28533579220598,0.126030694493535,0.00537442034624497,0.0159510275302743,1.68597252610758e-05,0,0,0.56329713457047
"16",0.029306439419242,0.000688121390470658,0.302211482701334,0.289859628877094,0.00865214566731405,0.0233716668557767,0,0.0168602139534083,0.325769839810537,0.00328046132482312
"17",0.0108720296796121,0.000404129608724987,0.0487582089184294,0.0647944598143843,0.00614768711298545,0.0110953132111403,0,0.0307183508069597,0.0412228214080677,0.785986999439696
"18",0.0165694100416179,0,0.0103712868355853,0.0460511182223125,0.0119931591624243,0.048319067099562,0,0.267738672658789,0.137362221882505,0.461595064097205
"20",0,0,0.00190182690564723,0.0666147736619012,0,0.000428695991875278,0.000525090110197962,0.100247722903201,0,0.830281890427178
"22",0,0,0.0182814894820089,0.187311211187189,0,0.0410416620048631,0,0.00103667394351772,0,0.752328963382422
"25",0.0565881157705731,0,0,0.556806491830627,0.00773162094513775,0.0111838536476519,0.0231177044318672,0,0,0.344572213374143
"26",0.0105107154295522,0.00959056655156279,0.00283154469061914,0.402833510252756,0.0231948576450574,0,0,0,0,0.551038805430453
"28",0.0517578326802264,0,0.0107417244271157,0.725423126084371,0.00376625429040363,0,0,0,0,0.208311062517883
