"","B-cell","Dendritic","Endothelial","Fibroblast","Macrophage","Mast","myocyte","other","T-cell","tumor"
"6",0.0356422822052025,0.00536630706238899,0.169782680313006,0.310170760940345,0.0161752060279871,0.00504346533067736,0.00487481366275291,0.136324050232308,0.000912235647735372,0.315708198577597
"16",0,0,0.000508751419499405,0.212046076321373,0.0043418820876131,0.00802110371392723,0.00810179587911852,0.107451152893929,0.594237771640783,0.0652914660437568
"17",0,0,0.0216123579434219,0.00044826523533402,0.00994682606830641,0.02139544138338,0,0,0.0112995308567709,0.935297578512787
"18",0.00530970821796112,0,0.104004014006716,0.0802252452112375,0.0562206490570687,0.0224556890440027,0,0.0246039816041453,0.434550829610902,0.272629883247967
"20",0,0,0,0,0,0,0,0.170085347721167,0,0.829914652278833
"22",0,0,0,0.332596014877252,0,0.1279213152946,0,0,0,0.539482669828148
"25",0.0553817617086782,0.0189937567277184,0.0104441378515599,0.304222642864439,0.0144975091070152,0.0213706999798603,0.0151361534824635,0,0.333825179325238,0.226128158953027
"26",0.0514521418654908,0.0144971206888689,0.000289938862465084,0.388701381284642,0.0227070879634347,0.011178210913223,0.0163769299259472,0,0.00160244476703177,0.493194743728896
"28",0.0170506892619747,0,0.00931934761958982,0.70008924579663,0.0118017119377982,0.00127544706699068,0.044927832227346,0,0,0.215535726089671
