"","B-cell","Dendritic","Endothelial","Fibroblast","Macrophage","Mast","myocyte","other","T-cell","tumor"
"6",0,0.00465609118334776,0.0849766611801364,0,0,0,0.00798083603247626,0.78058446588433,0.00963107241275224,0.112170873306958
"16",0.0105358416222672,0.00770741539042822,0.134584167465574,0.31407186436369,0.00328786646570999,0.0353542517337985,0,0.0103150932326326,0.288125874711101,0.196017625014798
"17",0.0146770393620855,0,0.0874619507804709,0.0444445932267584,0,0.0203000722814913,0,0.00432714845510428,0.0130839814470561,0.815705214447033
"18",0.0386246948040284,0,0.0637617047867898,0.108062848351625,0.02469173468711,0.00938774954135737,0.00041673833454819,0.236356785679855,0.391981313879245,0.126716429935442
"20",0,0,0,0,0,0,0.0020325580731621,0.0519323731346687,0.01144760018682,0.934587468605349
"22",0,0,0.0024767468256368,0.126532602759759,0,0,0.00055531768964165,0,0,0.870435332724963
"25",0.034325295224472,0.0240321692067919,0,0.416495066888756,0.021758095054722,0.0302573231353564,0,0,0.193917238535469,0.279214811954433
"26",0.00682409317562169,0.00115990188034703,0.00362013367657106,0.36984999330781,0.0179253770540971,0,0.00362004348454847,0.00525000970123172,0.00854194657961849,0.583208501140154
"28",0.0323185914945925,0.000426248589793182,0.0386891759379357,0.661969281488251,0.00392484147409958,0,0.021050078872862,0,0,0.241621782142466
