"","B-cell","Dendritic","Endothelial","Fibroblast","Macrophage","Mast","myocyte","other","T-cell","tumor"
"6",0.0128973969722221,0.00103699026361303,0.333349142964841,0.521887915834035,0.00891472827968158,0,0.00385837876822287,0,0,0.118055446917384
"16",0,0.0135032922478903,0.00112516911610572,0.230196549974411,0.0128773255694509,0.0613541167530963,0,0.0855248420111641,0.385263857670181,0.210154846657701
"17",0.00503616918390533,0,0,0,0.00109413421819939,0,0,0,0.303101233487557,0.690768463110338
"18",0.0446257992604357,0,0.0664749670525763,0.126974069227238,0.014438863528622,0.019853038244316,0.0074417263594988,0.102065750222657,0.467646675608257,0.150479110496399
"20",0,0,0,0,0,0,0,0.00478976655271542,0.00135885328925773,0.993851380158027
"22",0,0.0072532373717494,0.0156747247521764,0.337411598154163,0.0125498510949268,0.112279540059996,0,0,0,0.514831048566988
"25",0,0,0,0.326984158186272,0.000706398648638488,0.0206201657024448,0.00833606998775398,0.0447935014365435,0.423091014791949,0.175468691246398
"26",0.0059556390923479,0.0165467247893787,0.00043293775127682,0.442233515138653,0.0200432078535546,0.000850267390573224,0.00309976338530318,0.124539812923239,0.00830569294749345,0.37799243872818
"28",0.0533940459471962,0,0.0512573051264859,0.540719398415811,0.00813304419092138,0.00254653503173344,0.0070900389406224,0,0,0.33685963234723
