"","B-cell","Dendritic","Endothelial","Fibroblast","Macrophage","Mast","myocyte","other","T-cell","tumor"
"6",0.02641217346282,0.00799178725272359,0.100328245677302,0.225362059622825,0.0511710567345267,0.0011157098523531,0.0255118424224933,0,0,0.562107124974956
"16",0.00850763062097878,0.0016300737158721,0.000174222435249,0,0.00843281974372699,0.00057357215358713,0.00099043728698667,0,0.979691244043599,0
"17",0,0,0,0,0,0.00985507232201069,0,0,0.169770985867862,0.820373941810127
"18",0.0101282819348833,0,0,0,0,0.0119819607122268,0,0.410947515294953,0.38135442740732,0.185587814650617
"20",0,0,0,0,0,0,0.00164174406973024,0,0,0.99835825593027
"22",0,0,0.000294040277477832,0.174188696777174,0.000506842051941871,0.182615447027772,0.000571812353930834,0,0,0.641823161511703
"25",0.0457817360121042,0.0212458012584452,0,0.400039969174774,2.89637336103953e-05,0.0130805900730452,0.0223045370101492,0.0212072778757387,0.00968932831849126,0.466621796543641
"26",0,0.0124946754655361,0,0.113214363962215,0,0,0.00170485026965487,0.566351185333272,0.0268831020360116,0.27935182293331
"28",0.0365950242711653,0,0.0189594184569031,0.637477532889333,0.00653024368151698,0.000442449166980273,0.0108321709052071,0,0,0.289163160628894
