"","B-cell","Dendritic","Endothelial","Fibroblast","Macrophage","Mast","myocyte","other","T-cell","tumor"
"6",0.0274658431304462,0.000809883394259877,0.166269365605613,0.346939812899721,0.0205747924466256,0.00398950695772228,0,0.123478270106386,0,0.310472525459226
"16",0,0.00159690946832103,0,0.22885151860037,0.00651571610680473,0.00114392175560608,0.00780711517614131,0.10764254377405,0.585980458393987,0.0604618167247196
"17",0.0068737897477705,0,0.0146461715179041,0.0198763852412632,0.00198411757776331,0.0223880460023964,6.70809359292415e-05,0,0.0133051968739089,0.920859212103064
"18",0.0264085982586367,0,0.0854302691437133,0.0981466347467695,0.0438219494958556,0.0191664773231266,7.02250900026758e-05,0.0514726396536338,0.421098326841603,0.254384879446659
"20",0,0,0,0,0,0,0,0.13185955189567,0,0.86814044810433
"22",0,0,0.00329895101613657,0.347079925184124,0,0.128024650296155,0,0,0,0.521596473503585
"25",0.037443234894194,0.0172783795956203,0.0104744348723155,0.293811237786716,0.011002433925463,0.0187648993331752,0.0107889528543664,0.00719150606941843,0.362669735814316,0.230575184854415
"26",0.0177295101786054,0.0249396034069218,0.00485075505214973,0.3634490946238,0.02095120118039,0.0112664036805425,0.00574314582870928,0.0041478645339901,0.0260443844917674,0.520878037023123
"28",0.0148035260284379,0,0.0148842068204517,0.695804985814449,0.00996551066138785,0.00711188536471691,0.0403614806310607,0,0,0.217068404679496
