"","B-cell","Dendritic","Endothelial","Fibroblast","Macrophage","Mast","myocyte","other","T-cell","tumor"
"6",0.0246256660495788,0.00510073688076187,0.334383792497682,0.49488752140035,0.00709878745980739,0.0096250493950374,0.00133975388380904,0,0,0.122938692432974
"16",0,0.00594664675846576,0.00236390907161922,0.232230766773358,0.0131047530643567,0.066258313227239,0,0.0886416801825543,0.386518379729227,0.20493555119318
"17",0,0,0,0,0,0,0,0,0.304954624821135,0.695045375178865
"18",0.028200738633958,0,0.0752524751425979,0.117248282160882,0.0316657745427211,0.0196251335765947,0.00354141238727074,0.0899339368215283,0.473687993095766,0.160844253638681
"20",0,0,0,0,0,0,0,0.0217250003924371,0.000212613126871928,0.978062386480691
"22",0,0.000260871971442346,0.00723428454824082,0.333410001216275,0.0276338875049563,0.101165284122947,0,0,0,0.530295670636138
"25",0.00997563997245155,0,0,0.342074458896302,0,0.021195581404028,0.00980092295944341,0.0535366552442696,0.399022522857293,0.164394218666212
"26",0.00732444480285476,0.013775504032357,0,0.453282530093602,0.0129854536610107,0.0100433577127204,0.00781856653951846,0.111623010766546,0.00401477066433016,0.379132361727061
"28",0.0592837933278668,0,0.049030530901677,0.541015964559567,0.00278277063743335,0.00214404663466737,0.00590808923706809,0,0,0.33983480470172
