"","B-cell","Dendritic","Endothelial","Fibroblast","Macrophage","Mast","myocyte","other","T-cell","tumor"
"6",0.041981550688475,0.00975191219117139,0.0977088118746266,0.207791443607518,0.0468449311182943,0,0.0126087780874511,0,0,0.583312572432464
"16",0.000307055902240444,0,0,0,0.000333010403944761,0.000299846195191155,0,0,0.999060087498624,0
"17",0,0,0,0,0,0.0099716531610225,0,0,0.174158080009965,0.815870266829012
"18",0.000830374653217984,0,0,0,0.00712673123964677,0.014013346964307,0,0.40109000842501,0.376823529649886,0.200116009067932
"20",0,0,0,0,0,0,0.00418847445011969,0,0,0.99581152554988
"22",0,0,0.0215014215237685,0.162155868275445,0.000802377123639407,0.177613050758244,0,0,0,0.637927282318903
"25",0.045598806875098,0.0238910580239922,0.00059256813279523,0.40675744754217,7.38393523907351e-05,0.0131677671697241,0.021193418664038,0,0.0107991989722471,0.477925895267545
"26",0,0.0179267112625455,0.00214291217677018,0.0897837017053815,0,0,0.00386796881049534,0.540712917718874,0.0246655015101624,0.320900286815771
"28",0.03416773983449,0,0.0170709798147257,0.62785170120225,0.00354063976503905,0,0.0144581268202173,0,0,0.302910812563278
