"","B-cell","Dendritic","Endothelial","Fibroblast","Macrophage","Mast","myocyte","other","T-cell","tumor"
"6",0,0,0.286910625912787,0.114678289353844,0.0133531448557078,0.0166092220191879,0.000791393922356921,0,0,0.567657323936116
"16",0.0187023149764838,0,0.332433901438141,0.270914557012076,0.0230624632830754,0.0245323282117421,0,0,0.314834265359296,0.0155201697191862
"17",0.00169435566184254,0.000947207612550304,0.0571678995761336,0.0520835396476314,0.0103089127468708,0.0102136523157433,0,0.0513842749974213,0.0296609186813441,0.786539238760463
"18",0.0170680600003363,0,0.0311827169874912,0.027291942866752,0.0261588369250348,0.0453887414405071,0,0.197240377814265,0.138825815646925,0.516843508318688
"20",0,0,0,0.0512135828003887,0,0,0.000659061915026277,0.134254575685639,0,0.813872779598946
"22",0,0,0.00391348463222513,0.182950226386689,0,0.0391547865966885,0.000720611287370999,0.0849767476062878,0,0.688284143490739
"25",0.0655073593794676,0,0,0.542586109625494,0.0114911085938517,0.00864754282982111,0.0265872174072621,0,0,0.345180662164104
"26",0.0142736877103714,0.0135255514940918,0.00205474221621738,0.397866490802102,0.013242205643407,0.00122767294154492,0.00701501235613979,0,0,0.550794636836125
"28",0.051097724684582,0,0.0153108846920368,0.728654672110935,0.00190800459293913,0,0,0,0,0.203028713919507
