"","B-cell","Dendritic","Endothelial","Fibroblast","Macrophage","Mast","myocyte","other","T-cell","tumor"
"6",0.038396773252319,0.00770947644903631,0.181842991942436,0.284770202399796,0.0145900218516995,0.0068100398418678,0,0.153702955462866,0.000182217275630066,0.311995321524349
"16",0,0,0,0.230630380758806,0.00267471549560626,0.00721414675787537,0.00841616087430044,0.107850274952608,0.583079869004114,0.0601344521566902
"17",0,0.000344543813874988,0.0204779625718954,0,0.00599103647717599,0.0215401556702939,0.000223137343055751,0,0.0158465060500411,0.935576658073663
"18",0.00544102254075882,0,0.106625432747956,0.0713364656409664,0.0519638083494129,0.0218603084624745,0,0.0271990410654211,0.44035426769858,0.27521965349443
"20",0,0,0,0,0,0,0,0.143823035065449,0,0.856176964934551
"22",0,0,0,0.33938727441707,0,0.128547720764116,0,0,0,0.532065004818815
"25",0.0537345899166174,0.0201550746738028,0.00790014581005923,0.298964597278699,0.0138166338571909,0.0216795445375862,0.0126402225314463,0,0.344489228542463,0.226619962852136
"26",0.0285322734937466,0.023433031023299,0.00134917218449601,0.383634047810232,0.0190556787465652,0.0159190831323386,0.0136338881043734,0,0.00494904384136735,0.509493781663582
"28",0.0160464507033305,0,0.0121564535046806,0.700921436056828,0.00890839966635697,0.00633146430873085,0.0403195681860601,0,0,0.215316227574013
