"","B-cell","Dendritic","Endothelial","Fibroblast","Macrophage","Mast","myocyte","other","T-cell","tumor"
"6",0.016511626362637,0.000933702258205888,0.358953244294732,0.478686441224005,0.0113407599608991,0.00781609802200565,0.000500343861342211,0.00048522602945397,0,0.12477255798672
"16",0,0.0121317614271662,0,0.25021173677699,0.00977016783684001,0.0668844791501491,9.52050379260894e-05,0.104473845209238,0.360348596741881,0.196084207819809
"17",0.00491320437501653,0,0,0,0,1.6144371734559e-05,0,0,0.302851618235881,0.692219033017368
"18",0.0440736532522894,0,0.0614206412331822,0.128676224462924,0.0214933232092882,0.0193203045994811,0.00325281658895256,0.0870869477528117,0.478430830333678,0.156245258567393
"20",0,0,0,0,0,0,0,0.0136797359091056,0,0.986320264090894
"22",0,0.000661832140739778,0.0115326044260889,0.340131973960718,0.011682031880474,0.12173358977979,0,0,0,0.514257967812189
"25",0,0,0,0.34061345009494,0.00125956487423091,0.0211414331237514,0.00880734199056252,0.0617571710222049,0.397495888136604,0.168925150757706
"26",0.0019197738626576,0.00487018640037171,0.000228707154544627,0.480045700034182,0.023253690034547,0.00732816588201828,0.000870288572423635,0.0780145499941764,0.00507495818613969,0.398393979878939
"28",0.0607713408749247,0,0.0462741403893196,0.543153557755967,0.00789657381821507,0.00442952671604934,0.0024051437686158,0,0,0.335069716676908
