"","B-cell","Dendritic","Endothelial","Fibroblast","Macrophage","Mast","myocyte","other","T-cell","tumor"
"6",0.038819106239994,0.00764856644577462,0.179764389819547,0.280180401591516,0.0159234463724604,0.00712926227733795,0,0.149815846747864,0,0.320718980505507
"16",0,0.00322683194885797,0,0.242625242911005,0.00575293672472015,0.00640997886358979,0.0134000868359875,0.11432112390499,0.561299126044548,0.0529646727663016
"17",0.00740466572804842,6.20357446957922e-06,0.0183689675816919,0.00650557302379357,0,0.0208721227301508,0.000497447983395001,0,0.0195833497201089,0.926761669658342
"18",0,0,0.0881435834366854,0.0923473195394824,0.0442449321409178,0.0211623049289914,0,0.0578533112099827,0.447392173663497,0.248856375080443
"20",0,0,0,0,0,0,0,0.127752841083115,0,0.872247158916885
"22",0,0,0.0141073328416584,0.337550562628247,0,0.12616366139555,0,0,0,0.522178443134546
"25",0.0402866101984667,0.0194627429527839,0.00814157997439582,0.295395893412823,0.0137394877176291,0.0196220881612326,0.0136221443048887,0,0.355022917571826,0.234706535705954
"26",0.0100783547986465,0.0207172223369565,0.00604055954308202,0.393629407773782,0.0329866209281779,0.0145490827010078,0,0,0.00787046935077741,0.51412828256757
"28",0.0141335645252191,0,0.0114687804432639,0.693585192107888,0.00956716219918895,0.00633692054039471,0.0446219316764941,0,0,0.220286448507551
