Mixture,Fibroblast,tumor,B cell,myocyte,other,Macrophage,Endothelial,T cell,Dendritic,Mast,P-value,Correlation,RMSE
6,0.264894414056437,0.240390978160314,0.0483574609660912,0,0.264020262562935,0.0604740377279465,0.0643240730515418,0,0.0575387734747332,0,0,0.701939109787061,0.72246427562348
16,0,0,0,0,0,0,0,0.989232458523621,0.0107675414763787,0,0,0.872557525511472,0.525121161411481
17,0,0.304637183720069,0,0,0.489775628854821,0.0585892084630949,0,0.121569930832015,0.0254280481299998,0,0,0.736858669348814,0.675391241818689
18,0.023561739591234,0,0.00311890500312959,0,0.598058482530803,0,0,0.348766435819245,0.0264944370555888,0,0,0.759512522667703,0.686838111010525
20,0,0.381720444403082,0.000307030113364064,0,0.591845442186801,0.0261270832967529,0,0,0,0,0,0.689409495487653,0.767193701737992
22,0.235087688170692,0.244112230593866,0,0,0.351064368092683,0.0992711507240844,0.0256635804879395,0,0.00515977511035845,0.0396412068203764,0,0.753309424106284,0.668515038774591
25,0.436574994533914,0.192018810667777,0.0268900682168945,0,0.293835312168332,0.0129191286808337,0,0,0.0377616857322488,0,0,0.76166724953285,0.673022528946957
26,0.23110804520396,0.033575805062227,0.0019370297024281,0,0.613922500884964,0,0,0,0.119456619146421,0,0,0.645569488850758,0.764057350119259
28,0.692476650879123,0,0.0163976934711516,0,0.283949773134749,0,0,0,0.00717588251497699,0,0,0.816148739319886,0.639041004409796
