Mixture,Fibroblast,tumor,B cell,myocyte,other,Macrophage,Endothelial,T cell,Dendritic,Mast,P-value,Correlation,RMSE
6,0.306364169118762,0.273740796944628,0.00156155022424491,0,0.262655271301679,0.0241425519051367,0.101806736300635,0,0.029728924204915,0,0,0.599186331972407,0.803508846183146
16,0,0,0,0,0.0359073191801591,0,0,0.946320637034222,0.0177720437856186,0,0,0.837095996066901,0.574642003997457
17,0,0.483398669415407,0,0,0.383409085615751,0,0,0.130661191217607,0.00253105375123515,0,0,0.64282000046472,0.769952223451054
18,0.0188281247612449,0.0393123728393336,0.00701797526111861,0,0.607953303689658,0,0,0.319273798845752,0.0076144246028924,0,0,0.747281438599911,0.712367108943119
20,0,0.687402690294648,0,0,0.289829271472614,0,0,0.0227680382327384,0,0,0,0.602565000574345,0.842799956156809
22,0.213366728930836,0.395231811575353,0.000292398914793177,0.000642392991406164,0.279860839286392,0.0325411270602919,0.0321254039138764,0.0160108562980418,0.00607962928988031,0.0238488117391295,0,0.67432840462731,0.740679321647754
25,0.338825270171103,0.245997391166286,0.0288545815720272,0.00485900201980929,0.287614498021851,0,0.0390583590417605,0,0.0547908980071637,0,0,0.690508374059066,0.746964486297473
26,0.116661854162521,0.18110803695403,0,0,0.614620104617582,0,0,0.0223944835899551,0.0652155206759117,0,0,0.605422338194929,0.795601539985579
28,0.690560178472599,0.0642219489474937,0.0443198394166052,0.00283523335741082,0.161538110185685,0.00834099355488403,0.0205074617503786,0,0.00767623431494358,0,0,0.773815731551252,0.71367794060402
