Mixture,Fibroblast,tumor,B cell,myocyte,other,Macrophage,Endothelial,T cell,Dendritic,Mast,P-value,Correlation,RMSE
6,0.405728163222306,0.0994870580702096,0.00334188302448837,0,0.313382911706151,0,0.146150424121499,0.027536839389151,0.00437272046619505,0,0,0.784359187721494,0.660802231319723
16,0.265698935944165,0,0,0,0.150856075999358,0,0,0.583444988056477,0,0,0,0.846368923624823,0.619806507782732
17,0.0724740742683628,0.491212225031422,0.0017513307148227,0,0.357070543185277,0,0,0.0504288937355715,0.025811245386415,0.00125168767812897,0,0.696537818698267,0.72188958390636
18,0.0900850206777222,0.083204079447656,0.00363361003364448,0,0.279026855471973,0,0.0669017684475733,0.477148665921431,0,0,0,0.839127169047165,0.626488973897314
20,0,0.639603193831827,0,0,0.34527129395059,0,0,0.0151255122175827,0,0,0,0.662922054042325,0.786650484927021
22,0.424362790762971,0.237697820256737,2.67628805817932e-05,0,0.288201757684246,0.000118775789963723,7.78232995567597e-05,0.0205159421491503,1.61130010936491e-05,0.0289822141757008,0,0.766261635655832,0.662224286569108
25,0.311754748316158,0.0559261134608368,0.00421444190585526,0,0.176725640623701,0,0,0.411283661272601,0.0400953944208484,0,0,0.814464723023772,0.661797494358037
26,0.40854225822769,0.230790448575701,0.00782621293144273,0,0.265690019905821,0.013825554572991,0,0.0632381401816409,0.0100873656047132,0,0,0.743198776129534,0.686811571614828
28,0.796463858042802,0.0242840470385842,0.0123488359256112,0.0184015037175491,0.109020348018126,0,0.0141125155854531,0.0253688916718746,0,0,0,0.842909800250323,0.589137542724086
