Mixture,tumor,Fibroblast,Dendritic,other,T cell,Mast,Macrophage,myocyte,Endothelial,B cell,P-value,Correlation,RMSE
6,0.161465577317414,0.123944391987618,0,0.382554181691554,0.024224791410114,0,0,0,0.3078110575933,0,0,0.793114930078724,0.633555989856986
16,0,0.278225075470589,0,0.048652295487314,0.344177846461426,0,0,0,0.32894478258067,0,0,0.812676158357194,0.671391461205471
17,0.274662529816856,0.20529072419632,0,0.433778431635503,0.084272804545663,0,0,0,0,0.00199550980565766,0,0.745176670466413,0.667951617284685
18,0.108213404949714,0.0598582125359202,0,0.642108907155092,0.182962857389064,0.00321888047688598,0.00363773749332415,0,0,0,0,0.77998261912972,0.636495132409258
20,0.501492675974014,0.0814989879389042,0,0.417008336087082,0,0,0,0,0,0,0,0.70761171790188,0.728106686443686
22,0.246197868840952,0.223591611844927,0.0113713521385464,0.489574169093455,0,0.0146684450871881,0.0145965529949313,0,0,0,0,0.747212064764292,0.665072284386623
25,0.112425091316777,0.633111098840955,0,0.224723107288431,0,0,0.0150650258878894,0,0,0.0146756766659475,0,0.806820287197291,0.619893536351655
26,0.206169538069065,0.389362557027604,0.00251847491992729,0.338950151158482,0.00420298819250993,0,0.042477065647467,0,0.00949649057183803,0.00682273441310573,0,0.746970322161728,0.673408446278468
28,0.0144064595102767,0.789015658647608,0,0.151381329970266,0.032626684104094,0,0,0,0,0.0125698677677549,0,0.856729380722623,0.560080844163441
