Mixture,Fibroblast,tumor,B cell,myocyte,other,Macrophage,Endothelial,T cell,Dendritic,Mast,P-value,Correlation,RMSE
6,0.0545147794707214,0.362682088163783,0,0,0.450555745712719,0,0.132247386652777,0,0,0,0,0.666956544943223,0.746985565213403
16,0.374155679994768,0.029655028649887,0,0,0.19814736025962,0,0.0803419620786188,0.317699969017106,0,0,0,0.778689671080018,0.64448153849256
17,0.147839048200507,0.471990757614164,0.0113905403643669,0,0.276559157225003,0,0.0833251706963548,0,0.00453540079115138,0.00435992510845291,0,0.735878453553465,0.676252830510032
18,0.116605437926849,0,0.00197750371332079,0,0.442296919449939,0,0,0.43912013890989,0,0,0,0.752835211442673,0.661840342746379
20,0,0.491803584049172,0,0,0.483972662929145,0,0,0.024223753021683,0,0,0,0.683339427700701,0.742872216901385
22,0.177166064658021,0.42940996392146,0,0,0.357063438092836,0.0158662776462434,0,0,0.0204942556814394,0,0,0.721803625884212,0.69129456606551
25,0.492453249681806,0.125317862166298,0,0,0.156739292486008,0.0124363757194167,0,0.194368713206958,0.0186845067395135,0,0,0.784241094790163,0.646324924105446
26,0.353442332725418,0.226631805324308,0.0020293723784816,0,0.395306701578315,0,0,0,0.0225897879934775,0,0,0.726836956731049,0.692190784518098
28,0.831372435965598,0.120579669988489,0.0162253204559865,0.00719175530409196,0,0.0179196030426481,0.000244975509772773,0,0.00646623973341331,0,0,0.845471036487301,0.572090078050253
