Mixture,Fibroblast,tumor,B cell,myocyte,other,Macrophage,Endothelial,T cell,Dendritic,Mast,P-value,Correlation,RMSE
6,0.535012510231759,0.000932382071863398,0.00334627365879319,0,0.107450908283981,0,0.313798175521414,0.0394597502321888,0,0,0,0.807080702979116,0.630725218456053
16,0.232868430251036,0,0,0,0.32601957529419,0,0,0.413167958820149,0.026294631003123,0.00164940463150151,0,0.830178457868136,0.659109792364507
17,0.0146109502304298,0.301184874732727,0.00398957327232091,0,0.325355432819978,0,0,0.33534606004024,0.0195131089043034,0,0,0.742206127873927,0.678610155610102
18,0.10614087286557,0,0.000308792565114524,0,0.31813867731826,0,0.0191804197906675,0.552999255085562,0.003231982374825,0,0,0.869421837107837,0.620874379170724
20,0,0.420458713432866,0,0,0.558548298568422,0,0,0.0209929879987122,0,0,0,0.680053058831645,0.751328302216803
22,0.321391972715272,0.154617095108621,0,0,0.421283683104913,0.0381981670837985,0,0.0387543346504981,0,0.0257547473368978,0,0.7828807832007,0.64834626012493
25,0.31390995779933,0.00501966408474878,0,0,0.232544449641203,0,0,0.448525928474718,0,0,0,0.82770573966955,0.658362846988078
26,0.424819026589147,0.150040916691447,0,0,0.365868486832337,0,0,0.0177915656606108,0.0414800042264579,0,0,0.775653248017201,0.652679077966325
28,0.57795306243992,0.0890992887682112,0.0312287967297414,0,0.237263809456118,0,0.0148925198688795,0.0378788295200763,0.0116836932170537,0,0,0.842324524894321,0.594740743122317
