Mixture,Fibroblast,tumor,B cell,myocyte,other,Macrophage,Endothelial,T cell,Dendritic,Mast,P-value,Correlation,RMSE
6,0.289615493442329,0.315002260236853,0,0,0.273783516194039,0,0.0712786948461292,0,0.0503200352806491,0,0,0.670778572695277,0.743001886094938
16,0.00066279548924419,0,0,0,0,0,0,0.99427239185143,0.00506481265932535,0,0,0.859019518723088,0.534737598039357
17,0.00331658334416349,0.489547825751537,0,0,0.307680409085322,0,0,0.181376173894977,0.0180790079239998,0,0,0.690494903258438,0.724958686176199
18,0,0.0916901629210529,0,0,0.517179378063009,0,0,0.390080042895666,0.00105041612027218,0,0,0.796974206100963,0.643906654638713
20,0.00464531093995563,0.718199074766715,0,0,0.247426112680331,0,0,0.0003787330393438,0.029350768573655,0,0,0.644078436363541,0.814055492571332
22,0.247779015839563,0.389521724580732,0,0,0.230309366764117,0.0551136826152323,0,0.0380262652898057,0,0.039249944910549,0,0.718836725450553,0.698690034684852
25,0.405862427173867,0.260150416149499,0.0128802547051455,0,0.277178435264715,0,0,0.0037752294190678,0.0401532372877053,0,0,0.755715152384454,0.674773542789439
26,0.175724855922589,0.340320007665865,0,0,0.374168336103319,0,0,0.0241562083676074,0.0856305919406197,0,0,0.673497328017809,0.738829318435619
28,0.714620838726355,0.0842535269112335,0.00973857218216309,0.00206945984556354,0.112709919221244,0,0.0311836823286199,0.0288997567406505,0.0165242440441701,0,0,0.83059305927136,0.622795913528326
