"","B-cell","Dendritic","Endothelial","Fibroblast","Macrophage","Mast","myocyte","other","T-cell","tumor"
"6",0.0108833345383556,0.000307190936211006,0.107264545661816,0.208478293671181,0.0699530190175865,0.000621948554986312,0.00610955578125181,0.000681612311834069,0.000712701784952022,0.594987797741826
"16",0.000199053330777188,0.000391663737068435,8.92187035655996e-05,9.21802903851764e-05,0.000558479760107075,0.000123691774873912,5.59344521407079e-05,8.01167685794425e-05,0.997001084268272,0.00140857691423038
"17",0.000406321058422322,0.00119338436396654,0.000117169217117327,0.000240752788317162,0.000270207507397693,0.00802432085421158,6.14168682121583e-05,0.0010593772644959,0.157020856393332,0.831606193684528
"18",0.000525442624757014,0.000462414588719196,0.000163676943473384,0.000328469288799116,0.000294581693810156,0.00992776888603401,0.00011794616622458,0.370693158112403,0.339455587381325,0.278030954314455
"20",0.00103840335304923,0.000102773664786335,0.000184995115293414,0.00992302656610319,0.00010755001069148,0.000115568338453246,0.000185232473858738,0.000396150177313238,0.00015160953934982,0.987794690761101
"22",0.000576245964995989,0.000378142030364272,0.00042586730644778,0.161095936162727,0.000351118774604016,0.187115702837042,0.000212148071505819,0.00218054654064383,0.000454183197455626,0.647210109114215
"25",0.0463125525578069,0.0206120755877422,0.000121062881318874,0.325335083654636,0.000412412436967839,0.0114269583682603,0.0245709716584394,0.0272166474866016,0.00480714522917808,0.539185090139049
"26",0.000270916165556982,0.00912121865618497,0.000275183931919758,0.112370785435482,0.000395537179629404,0.00018443720836429,0.000153596052292236,0.192326137333394,0.00069288092809731,0.68420930710908
"28",0.0318887861791785,0.00214978546805916,0.0295132365880278,0.595716389075638,0.00187335475249942,0.000106969427965604,0.0109364480112926,0.000853142099993489,0.00191621551687611,0.325045672880469
