"","B-cell","Dendritic","Endothelial","Fibroblast","Macrophage","Mast","myocyte","other","T-cell","tumor"
"6",0.0177862555502492,0.00157837796686468,0.193188527120436,0.31536067319616,0.0229087405053977,0.00069211720418797,0.000372708609420389,0.036578080564699,0.00137268915186193,0.410161830130723
"16",0.000221084222816245,0.00516259363179659,0.0003036814363194,0.214043350219138,0.000330721185811335,0.00217058509206583,0.00677504843079514,0.0281688585743665,0.586418518258562,0.156405558948329
"17",0.00381647200515878,0.00270636486938459,0.0124612090067725,0.0262429026942112,0.00152666902425461,0.017576729911335,0.000149795453451378,0.0479885212474665,0.0190638449230149,0.868467490864951
"18",0.0131781491455097,0.000193871379870964,0.100436488501252,0.0843376698764817,0.0339940593240491,0.0160902684133587,0.000579280769654542,0.00228270685596041,0.386683032444986,0.362224473288877
"20",0.000192901480191228,0.000114710638797945,9.87256562622599e-05,0.000355595419782266,9.01715960823428e-05,0.000134702903549421,0.00116824395196918,0.00588001791916403,0.00034787159786917,0.991617058836332
"22",0.000517537813345292,0.000263555649683734,0.000383379862532975,0.288857494745652,0.000286382678474497,0.107870254106622,0.000341842749485882,0.00103022163143764,0.000639109681668702,0.599810221081097
"25",0.0365266390970653,0.0245925363978932,0.00709123099091125,0.266237256690462,0.0119007658064848,0.0206666240288096,0.0151540490872188,0.0054008666995763,0.305441660898509,0.30698837030307
"26",0.004847649564021,0.00822716064112615,0.000537321524818405,0.248822144903691,0.00918674209919191,0.0114935901786606,0.00024815211554974,0.00109281124618343,0.0167472045585835,0.698797223168174
"28",0.0169252466490572,0.000695814451544665,0.00914005239776367,0.6604853335282,0.00741640885947323,0.00484422964070999,0.0438531204367491,0.000310937071423338,0.000871830869356289,0.255457026095722
