"","B-cell","Dendritic","Endothelial","Fibroblast","Macrophage","Mast","myocyte","other","T-cell","tumor"
"6",0.00025504444853574,0.000417558440166224,0.0570070675614508,0.000545136550517194,0.00176311323119718,0.000224757658105059,0.000140643108154254,0.478852561043696,0.027315724118469,0.433478393839709
"16",0.00343819732602331,0.0117590001022262,0.157644873973534,0.248274360151834,0.000285816695578807,0.0361129026773971,0.000311307492762772,0.00247505853993631,0.263321015320727,0.276377467719979
"17",0.0195172107178838,0.000512616151124305,0.0808960158451688,0.0571492914736613,0.000328386563396884,0.0148016541230067,0.00012286840997572,0.0736030662874535,0.000385893354511514,0.752682997073817
"18",0.0457701607228421,0.000350410025539035,0.07507128382511,0.111227289517732,0.00669487402040018,0.0148696570312784,0.000440734519972549,0.0899487685079724,0.363377575873103,0.292249245956051
"20",0.000169033117908949,9.30089740468039e-05,0.000188267420449474,0.000680277435855563,0.000111673630415694,5.41864171594158e-05,0.000122383685343148,0.0182589858002157,6.00285706536532e-05,0.980262154947952
"22",0.00038121065524186,0.000312059006840913,0.000287227128421027,0.0983981818131339,0.000268860467622079,0.00016949702148346,0.00116643746580784,0.00286094502213676,0.000404309424254626,0.895751271995057
"25",0.03190358176509,0.0444430682918742,0.000208134749368243,0.347821989816109,0.0194910689341125,0.0312268672143948,0.00126566194496085,0.000206256360707571,0.155676451804588,0.367756919118795
"26",0.000535879354412647,0.00121877188010914,0.000716885514982131,0.227443899298965,0.000604761559103048,0.000312740113668904,0.000473976842093226,0.0009281991872995,0.00248889923698958,0.765275987012376
"28",0.0280948543639402,0.00539411947304367,0.0264818346183038,0.643296502138787,0.000164989211902447,0.000147141391071916,0.0224068285519595,0.00167477935415975,0.00111104009994833,0.271227910796884
