"","B-cell","B.cell","Endothelial","Fibroblast","Macrophage","Mast","other","other.1","T-cell","tumor"
"6",0.000412879118936905,0.000339357796131078,0.270542942849487,0.101348185791585,0.00654184773803804,0.00919173417584814,0.00182627242468184,0.000410461567883064,0.000247739558302105,0.609138578979107
"16",0.000224505547881763,0.00425736797315543,0.364296562573262,0.246673823752037,0.0380760592718484,0.0172910526374688,0.000115658308476492,0.268440251704681,8.96896973189596e-05,0.0605350285338695
"17",0.00421777664626908,0.00681612867726227,0.0371943138443091,0.0646585403199462,0.00360979939482337,0.00350945625623272,0.146895110921674,0.0260670477592312,7.57267361627803e-05,0.706956099444089
"18",0.00066479131599428,0.0122106553224009,0.000465130785699378,0.020477148559835,0.000672220156050052,0.0324527622091354,0.238256925896554,0.119817683626546,0.000180637325014531,0.574802044802771
"20",0.000103949013200558,0.000153136153480083,0.0054702109606586,0.0690701125045019,7.87710118827709e-05,9.77815428216312e-05,0.0370361394840471,7.61707377763247e-05,0.00010918341802621,0.887804545173605
"22",0.000722177308378054,0.00085152814097121,0.00052904383439672,0.138876495066054,0.000304395717155982,0.019658979358586,0.100149947360678,0.000671146923899388,0.000455220056341223,0.737781066233539
"25",0.0100409085973094,0.0480587007034133,0.000138312726466697,0.46920618578039,0.00750612359523291,0.00833631361388031,0.000326661566281896,0.000200532678915702,0.0293732920453018,0.426812968692808
"26",0.00909569961115784,0.0043618657474034,0.00164573525972201,0.241203325878486,0.0026820849222668,0.00078141228424668,0.00217758376484895,0.000618590078087251,0.00110577087066867,0.736327931583112
"28",0.000241080861217136,0.04059914703671,0.0125259915851489,0.697345026200916,0.000226377088665975,9.14231221468841e-05,0.000881266432603152,0.00022699755847226,0.00049612599777099,0.247366564116349
