"","B-cell","Dendritic","Endothelial","Fibroblast","Macrophage","Mast","myocyte","other","T-cell","tumor"
"6",0.0161982113690276,0.00502512629667449,0.10192396589719,0.185991076788577,0.0723666414855123,0.000439122988840572,0.00152557852143831,0.00143860249654957,0.000549672011634834,0.614542002144555
"16",0.00118142161581193,0.000526310754701245,0.000143883932447039,0.000187994580915851,0.000300402745593966,0.000351869888026576,0.00010552759758499,0.000131304064605838,0.995757401900254,0.00131388292005906
"17",0.000294249266490783,0.0108841904199925,0.000441874665459261,0.000361760654221195,0.000917224479062242,0.0100295984945262,0.000212344475138237,0.0021684484890312,0.137126244502966,0.837564064553112
"18",0.00129754073709819,0.00238360653037443,0.000513575781860568,0.00109259529858439,0.000593753766445497,0.0116471134736354,0.000298199532277009,0.343539727120016,0.328505477848958,0.310128409910751
"20",0.00108481605854852,0.000448308991896084,0.00043624860606324,0.00970386859011962,0.000248771126848551,0.000187950594377544,0.000401208507278743,0.000895076180220169,0.000715843222480911,0.985877908122167
"22",0.000610887141294553,0.00143498565251379,0.00130252115378579,0.165182666236694,0.00168123328780709,0.170794980858802,0.000756523614626239,0.00791227895979423,0.00103769106107584,0.649286232033606
"25",0.0405752360821066,0.0282927279177525,0.000580674842617373,0.340573608760671,0.000956520871343825,0.00721137505275397,0.019540047079681,0.0145321887722128,0.00677842624798406,0.540959194372877
"26",0.000665909463761896,0.00625614018192592,0.000715357058832689,0.0867096074559406,0.000611523685258225,0.00036096632084947,0.0020724545512535,0.184273930507191,0.00150058996136511,0.716833520813622
"28",0.0342230140023016,0.000554301436742233,0.0256792465185087,0.588659297935457,0.000857433202174224,0.000202763613905157,0.0191909056990047,0.00125882008612686,0.000493419424239362,0.32888079808154
