"","B-cell","B.cell","Endothelial","Fibroblast","Macrophage","Mast","other","other.1","T-cell","tumor"
"6",0.0013242447085602,0.000244271825093409,0.289271581791778,0.106667533648264,0.00809615185617756,0.00955392516796299,0.00171058332203348,0.000502425292397736,0.000565458506875698,0.582063823880857
"16",0.00130396512511834,0.010017080292152,0.390581044130302,0.24340781845466,0.0200492558896175,0.0187161245760198,0.000445113646592725,0.283864881382396,0.000128290371789556,0.031486426131352
"17",0.00487182818059668,0.00282265570823251,0.0447779142211736,0.0504472587125382,0.00349549661460981,0.00496486879377644,0.137330545003477,0.0326154281694814,0.000130577213935695,0.718543427382179
"18",0.00189838384920133,0.0102510859015611,0.000622894204376758,0.0196711868520776,0.000668820475188078,0.0313086750088607,0.264941692718024,0.116992344503802,0.000648486214006851,0.552996430272901
"20",0.000153571002724043,9.95643387244748e-05,0.00515925789484494,0.0772926106665586,9.05024387696094e-05,0.00013362770152232,0.0168817919548973,0.000124511238420432,0.00020552386303241,0.899859038900506
"22",0.00081047665676395,0.00180977465208294,0.00123554341507256,0.166507060670569,0.00046055855044852,0.0248169346367765,0.0601529760722896,0.00104363037931128,0.000999682793757903,0.742163362172928
"25",0.00942709619289277,0.0538702827237183,0.00022923878436778,0.491073120987229,0.00892849220267191,0.00884422613197757,0.000809673647057391,0.000421805650868323,0.0265618680377567,0.399834195641461
"26",0.00279582261357575,0.00544325545138059,0.00102430876254767,0.260460212604574,0.00272935176784497,0.000620837767167107,0.00271483372742372,0.00069948282448222,0.000968507320966054,0.722543387160038
"28",0.000475531950847651,0.0437433358098021,0.0105441580397864,0.706498586242557,0.000299548127259757,0.000117092740698919,0.000831453695158441,0.000339024259014122,0.000272899605267549,0.236878369529608
