"","B-cell","Dendritic","Endothelial","Fibroblast","Macrophage","Mast","myocyte","other","T-cell","tumor"
"6",0.00933616073239906,0.00119468933598839,0.403711513685519,0.443584205548203,0.00526884054778087,0.000166241998702338,0.000816702397576327,0.00070583905046215,0.000761350201357007,0.134454456502011
"16",0.000150116394660916,0.0139845738230831,0.000230836739005525,0.214458110459854,0.0219156416241933,0.0679118094978361,9.2789813216007e-05,0.0124663057672706,0.355852261934268,0.312937553946612
"17",0.00785069992542851,0.00193949028199007,0.00010036642818442,0.000172435787274833,0.000380835182370321,8.45456723233466e-05,6.94805260931877e-05,0.00062462351270936,0.272453662037999,0.716323860645627
"18",0.0422147798726008,0.00151889594616825,0.0735750823360142,0.116745194625821,0.000600391618414506,0.0199295398945139,0.00795523807164564,0.0870050385295452,0.439296847925478,0.211158991179799
"20",0.000131636714380791,0.00024235650992742,9.74902504264634e-05,0.000175938694607432,0.000145833459358764,7.42230491320622e-05,0.00015769479124713,0.000885468379538603,0.000567592503385417,0.997521765647996
"22",0.000349105131154692,0.0151049041842235,0.0167725522259155,0.309599450416433,0.000684461676674014,0.112741803060579,0.000147673324303383,0.0037000240528488,0.00105453559558668,0.539845490332282
"25",0.0002655814060187,0.000643879669493416,0.000403275129124863,0.316722337869091,0.000279981442146015,0.0214761172654856,0.00773886314072637,0.0187964556035955,0.388951093260113,0.244722415214206
"26",0.00129841616620092,0.00626623892977619,0.000281435846618114,0.366377548234289,0.0130678371113382,0.0002025174638666,0.000180813194114733,0.00103686082314939,0.0043320443745509,0.606956287856096
"28",0.052748267050933,0.00130965877914823,0.0631529634915765,0.492041341999618,0.000741083114391367,0.00220818175351828,0.0113003683669814,0.000829815354190703,0.00331197739826749,0.372356342691375
