"","B-cell","Dendritic","Endothelial","Fibroblast","Macrophage","Mast","myocyte","other","T-cell","tumor"
"6",0.000178502537705175,0.000347661880408197,0.0882456985361917,0.00138980411509194,0.00566371152029303,0.000236460824312471,9.63845317695609e-05,0.38246268043562,0.021357992435512,0.500021103183096
"16",0.00311538404473021,0.00808045076916111,0.160163081572808,0.278916378434373,0.00342274850516062,0.0453051858664357,4.95395988941362e-05,0.000757195867731331,0.25465991187116,0.245530123469546
"17",0.0218558023669527,0.000581765955619314,0.0804487865231716,0.0737199468557834,0.000368626647619536,0.0203322118545156,4.94605803044793e-05,0.0328596598380686,0.000673185608479024,0.769110553769486
"18",0.0498465814652441,0.000576704012743935,0.0720380332091022,0.122237844745194,0.00775026207745796,0.0151885623961384,0.000827513555054964,0.128796983068963,0.348399339400092,0.254338176070009
"20",9.74316378485172e-05,8.70579636049037e-05,0.000141658104428643,0.00443513508876099,3.84659777295462e-05,8.4751990664462e-05,5.8001473098485e-05,0.0160864476062152,6.96464436694026e-05,0.97890140371398
"22",0.000193348739620509,0.000177233502367138,0.000256453259352406,0.106729843031442,0.000179549607403752,0.000115651122087029,0.000537872906831537,0.00138319780109853,0.000220647250099334,0.890206202779698
"25",0.0296454600796908,0.0346714429256312,0.000146893361946137,0.370458212560185,0.0116998594922617,0.0335794729457438,0.000547058189086456,0.000160134255778543,0.176088975216974,0.343002490972702
"26",0.000157388129606164,0.00562165367228624,0.00031034098382573,0.276216836385574,0.000363562761159125,0.000227234975045844,6.45353198064656e-05,0.000813229025868733,0.00109094827360546,0.715134270473223
"28",0.0315574132453192,0.000227233532389349,0.0421775498329222,0.651177529373212,0.00359095429107418,0.000391661060982608,0.0287662551361112,0.000645876818116794,0.000193379013967036,0.241272147695905
