"","B-cell","Dendritic","Endothelial","Fibroblast","Macrophage","Mast","myocyte","other","T-cell","tumor"
"6",0.00804069307072165,0.00120953383437794,0.382899211076752,0.464402687255143,0.00319160188774732,0.00010717577237926,0.00024712047178915,0.000928524041500057,0.00030121116411286,0.138672241425476
"16",0.000195421638723012,0.0189643225838725,0.000106761624572879,0.21594124880598,0.0162991855154059,0.0635461795189991,0.000109809082604,0.00157577954149303,0.368078267280377,0.315183024407972
"17",0.00713085309444538,0.000586148624877184,0.000104196139202453,0.000120816757484455,0.000253081526382114,8.85530401825316e-05,5.96106905454977e-05,0.000261195793929523,0.274990547437475,0.716404996895476
"18",0.0428848142776925,0.000737381012270449,0.0755141350467031,0.123068798602741,0.000417192508794945,0.0159550165455461,0.00714410830915611,0.0879992182068837,0.434084578630297,0.212194756859915
"20",7.15475239982853e-05,0.000219364906759319,6.80546972821192e-05,0.000129086089359946,6.44928858425959e-05,5.73041029647171e-05,0.000175570021120451,0.000700645842085754,0.00036215351264128,0.998151780417946
"22",0.000277016946502744,0.0165596434629669,0.0179501746490715,0.319919768409901,0.000571206985012576,0.102590270728864,0.000119374520044276,0.000996220647619474,0.000479240764471909,0.540537082885546
"25",0.000290671466569836,0.000118118390101162,0.000192409284490604,0.330749765863577,0.000364638677018028,0.0203920221922145,0.00789001707476126,0.00907295240026475,0.382454139018758,0.248475265632245
"26",0.000573191568602926,0.00485601470764714,0.000208261998154655,0.376627019191822,0.0163068551899053,0.000137540826418374,0.000152717106540923,0.00377372898077279,0.00515239451402139,0.592212275916114
"28",0.0491706756582547,0.00229932752986074,0.0560309735401559,0.520432082060444,0.000619313778809211,0.00131249823870965,0.00992594485193791,0.000347509058946125,0.00341306516860827,0.356448610114274
