"","B-cell","B.cell","Endothelial","Fibroblast","Macrophage","Mast","other","other.1","T-cell","tumor"
"6",0.00204804046820113,0.000759540900830256,0.275234841373583,0.127128868756672,0.0071674283503857,0.0109038429430741,0.00963124980717038,0.00103053384005139,0.000901121036847174,0.565194532523184
"16",0.00415810757628848,0.015473850374464,0.381077985192505,0.247534570541508,0.00716684064466797,0.0193731411457057,0.000654456349055722,0.30256688034836,0.000327079559557325,0.0216670882678879
"17",0.0167713369761375,0.00395970758405826,0.0360289804987588,0.0425272921266265,0.0112799485259729,0.0053046225390166,0.127044583563309,0.0262775278651371,0.000271889672669637,0.730534110648314
"18",0.00286416445127009,0.0115097882168119,0.000971184773625531,0.0242123002003655,0.000739965550987224,0.0401888219174813,0.293042883094001,0.111954978005976,0.000392740857199361,0.514123172932282
"20",0.000146654280790164,0.00028753796062308,0.00794020482045071,0.0838478530114434,0.00020769474954162,0.000272684150410947,0.00764860678029603,0.000192556105184383,0.000521995453338141,0.898934212687922
"22",0.00318336556785726,0.00242642721912842,0.00143918500880685,0.169260367623987,0.00112365365383371,0.0326512689977926,0.0176175676210782,0.00137228527689676,0.00194677745736343,0.768979101573256
"25",0.00228885983641546,0.0556852575146674,0.000434844247442646,0.500559780422851,0.00867559757913988,0.010493805892594,0.00124755417325464,0.000914179249844324,0.0283690194476198,0.391331101636171
"26",0.00119603706864702,0.00677395266809575,0.00305274364602743,0.273071721507332,0.00362280877986368,0.000249879175835561,0.00466656787991161,0.000543735689882668,0.00124492501753514,0.705577628566869
"28",0.00045987167183355,0.0477491613436987,0.0103157581538604,0.695145359137588,0.000452649172591093,0.000184669578567274,0.00254215743953666,0.000403985046054556,0.00143876878540706,0.241307619670863
