"","B-cell","Dendritic","Endothelial","Fibroblast","Macrophage","Mast","myocyte","other","T-cell","tumor"
"6",0.0267819502406,0.0035274974428828,0.211858714112728,0.325746043390375,0.0266185936561971,0.000606530508006159,0.00042250830436553,0.0271284366099906,0.000373603341857595,0.376936122392997
"16",0.000186101548043773,0.0028864203850383,0.000256403356963918,0.243210622821943,0.00180427854421727,0.000949217621860344,0.0101121104132228,0.00525349414905568,0.572271680770572,0.163069670389083
"17",0.0104195007786693,0.000429845731677019,0.0134115784791538,0.0377287576893047,0.000582249227320364,0.0205411070087036,7.0657508147251e-05,0.00602405915686552,0.0215899330098308,0.889202311410328
"18",0.0177916156083659,0.00144763913594702,0.0907164984602432,0.0770598113284685,0.0461716160047559,0.015998655704789,0.000115145535967461,0.0692057018152023,0.377126438109072,0.304366878297188
"20",0.00012090996804288,9.0665110628662e-05,0.000124339514167551,0.00253653797973533,0.000193610162267207,0.000286074511297951,0.000264476611597713,0.000433627769249758,0.000276493211575603,0.995673265161437
"22",0.000288421676403296,0.000380264574817045,0.000363433425950228,0.307407815139777,0.000381387255170239,0.134984124807778,0.000174439244917906,0.00137547920955855,0.000312817793350559,0.554331816872277
"25",0.0281711425273525,0.0366225244855047,0.0134830904806876,0.262716909451477,0.00155089500228627,0.0205794424051503,0.0120086585146872,0.0116897989653971,0.32243551037965,0.290742027787807
"26",0.00744351998012216,0.00859963066561791,0.000228490073834219,0.275562579931881,0.0181832492751871,0.00899755291846533,0.000110301617317035,0.000980500406454113,0.0150801467139167,0.664814028417204
"28",0.0144143345025303,0.000289793327064826,0.0202126489898415,0.66549920090847,0.0080325078075403,0.00730777888839385,0.0480442510707037,0.000793037496239364,0.00128896004727632,0.23411748696194
