"","B-cell","Dendritic","Endothelial","Fibroblast","Macrophage","Mast","myocyte","other","T-cell","tumor"
"6",0.0278765001131195,0.012922420019831,0.209437380330422,0.295645532326869,0.021654440167951,0.00260770294569175,0.00094716061250874,0.0279098961777957,0.000905469815496243,0.400093497490316
"16",0.000709877135356015,0.00295998531625772,0.000282983472706487,0.257511986585422,0.00373750317852541,0.0022647295011935,0.0101064050926033,0.00128673427383352,0.569013879845407,0.152125915598695
"17",0.00359701005322433,0.011519369137009,0.0147482669900026,0.0287792966863369,0.000694014657306124,0.0158562890568168,0.000313963003648584,0.010857013304623,0.0194894860314795,0.894145291079553
"18",0.00304779973503255,0.00291139155828445,0.0955650711502474,0.0793157545112188,0.0392855094573956,0.015747642697779,0.000470866159755506,0.05817640494908,0.394622662460692,0.310856897320515
"20",0.000257578148471268,0.000259903840868699,0.000321821236307575,0.00130988806501216,0.000305558753706516,0.000134838707095394,0.00149807234457054,0.00121443476126283,0.000329169123324845,0.99436873501938
"22",0.000580429687410114,0.000955083359935048,0.000958039441613056,0.303500279242056,0.00043859463111828,0.117053074662269,0.000636255219561035,0.00506691782374041,0.00070107507763395,0.570110250854664
"25",0.0409827785933414,0.0416436664383796,0.0154146087786271,0.257235702767674,0.00370033196491766,0.0178841695303452,0.0153014818085828,0.00744214969348276,0.304638043237057,0.295757067187593
"26",0.00797570779124448,0.00980062756080006,0.000822816475114648,0.27896287714268,0.0020911126287505,0.0152858607853963,0.00079478638794262,0.00188159791886656,0.0195401791353049,0.6628444341739
"28",0.0153296261254283,0.00119130040841088,0.0133937588278937,0.659400298949533,0.00706689922464223,0.00424149966063626,0.0464654956770685,0.0011832189216508,0.0011398067553409,0.250588095449395
