"","B-cell","Dendritic","Endothelial","Fibroblast","Macrophage","Mast","myocyte","other","T-cell","tumor"
"6",0.0224613664192764,0.00183476993612526,0.190536328466416,0.34682243381542,0.0250653965969895,0.000454007251133835,0.00016405608492073,0.0216269779258858,0.000559518001961994,0.390475145501871
"16",0.000143364108459863,0.00186509275789117,0.000153320045688438,0.247138383349851,0.00179422715311339,0.000595045069382518,0.0101518911555044,0.000904985965830601,0.579941754776365,0.157311935617914
"17",0.00858330564610826,0.000496320696579768,0.0147555303138875,0.0309847691095587,0.000154998204409545,0.0226412143697276,4.5608393286291e-05,0.0228496259726288,0.0191981916312378,0.880290435662576
"18",0.0205506885626324,0.00113078141339645,0.0960046308671672,0.0836574408748572,0.0404697014642667,0.0152991443064814,0.000149277024279451,0.060727875432512,0.373537098258775,0.308473361795632
"20",0.000204886061737495,0.00012940939430699,8.99438944975032e-05,0.00247770767343464,8.99091874721254e-05,0.00022479716794034,0.000128301538330335,0.000394291840546718,0.000457506106872137,0.995803247134862
"22",0.000229790730086827,0.000276227031260105,0.000283060539924812,0.317948443112197,0.000190759230257609,0.123505670366266,0.000140031171312986,0.000444178958863727,0.000340998733826002,0.556640840126005
"25",0.0311814945445854,0.033157201762897,0.0130939615129845,0.271250411456147,0.00563127665912203,0.0195099499006276,0.0128086043286325,0.00359287470238115,0.315962442245466,0.293811782887157
"26",0.00832991770727963,0.0120052510794393,0.000228740015644993,0.285781603428697,0.0126798259775515,0.00865493727082416,9.10270298455756e-05,0.00104483679545051,0.0183303331900502,0.652853527505218
"28",0.0153013754605606,0.000205640063377839,0.0160463573331491,0.684077768024725,0.00683605822764661,0.00652760501069552,0.045858134359526,0.000248591371307433,0.00168100293586871,0.223217467213144
