"","B-cell","B.cell","Endothelial","Fibroblast","Macrophage","Mast","other","other.1","T-cell","tumor"
"6",0.000537675762070404,0.000467379730011524,0.289959248937784,0.127860065533325,0.00952439115876835,0.0102434229690417,0.00143972767182687,0.000436657579927415,0.000441597273758567,0.559089833383486
"16",0.00059843620903512,0.0142340662547678,0.347654764900881,0.281927212296138,0.016899610397987,0.0277705440679057,0.000170981042331674,0.286050982670949,0.000101554506366832,0.0245918476536381
"17",0.000426324445175708,0.0120222745725776,0.0320316532546627,0.0986573760774263,0.0133799487699017,0.00555310469748956,0.0527698906226476,0.038993702054258,7.1701349178591e-05,0.746094024156682
"18",0.000690266298169103,0.0126085812323777,0.000988634208210696,0.0250974897864239,0.000585606686797607,0.0499014085369631,0.27094584908309,0.112128266502336,0.000114864506657917,0.526939033158974
"20",0.00011525139911231,0.000162288383854285,0.00765185920725224,0.0759164797915002,7.83439848763682e-05,7.70510970634586e-05,0.0220741540105156,8.80431524288037e-05,0.000106554635853107,0.893729974337544
"22",0.000336226554479587,0.000765688519307593,0.000484263476772073,0.162613338815263,0.000542180661569827,0.0372712333285684,0.0126025541175659,0.000560711763951481,0.00013236854027085,0.784691434222251
"25",0.0145757723379198,0.0499000507628121,0.000385685160223148,0.49067385184117,0.00514905517680102,0.0111649780870959,0.000724367757641336,0.0002211387606801,0.0260311502113547,0.401173949904301
"26",0.000889940497308984,0.0028693873379327,0.00135866774878355,0.273782884478086,0.00783654096030465,0.000228806202528,0.00117676097379232,0.000418413019213638,0.000160733415342848,0.711277865366708
"28",0.000416912250527867,0.046071240735058,0.0155730960293696,0.707099325663321,0.000172539814393742,7.99740563508107e-05,0.000494834074048405,0.000245451444101485,0.00173461670882399,0.228112009224005
