"","B-cell","Dendritic","Endothelial","Fibroblast","Macrophage","Mast","myocyte","other","T-cell","tumor"
"6",0.00844729957603598,0.000441423033571613,0.109993871881768,0.180827613853721,0.0690119172975165,0.000281196343965039,0.00213058231640617,0.000571877596357059,0.000270235759547885,0.628023982341111
"16",0.000322316153568657,0.000214023037151654,6.35503704986509e-05,5.85999041766508e-05,0.000126883077993954,0.000111787635608197,8.24354746234166e-05,6.96251401041457e-05,0.993842963631253,0.00510781557502202
"17",0.000268164787983546,0.00172293573721956,0.000196511498608423,0.000282978124867017,0.000347304382031211,0.00640082848012347,8.60225013763049e-05,0.00253290558284667,0.14100550329488,0.847156845610064
"18",0.000788075130295924,0.000496471009269979,0.0001943392640968,0.000237718176557509,0.000189946594107867,0.00941112502363504,0.000136637698255804,0.364503866960397,0.323325192073844,0.30071662806954
"20",0.000151615847989512,0.000192686683327985,0.000141679070158812,0.00897800743007103,8.11311085181317e-05,8.83112057409857e-05,0.000120402326633155,0.000528539241138107,0.000136688146503456,0.989580938939919
"22",0.00071275954834696,0.000587825268912415,0.000257684516089058,0.145043388634248,0.000844628508677356,0.14575397459756,0.000391763476244651,0.0088117456642775,0.00118253923462915,0.696413690551016
"25",0.0297636696961883,0.0230579445404638,0.000573297139187704,0.30330172795553,0.0025583261222218,0.00935384388037383,0.0185977563617212,0.0706309067422478,0.00522479244669147,0.536937735115374
"26",0.000194343306060856,0.000426630043756909,0.000155629755946883,0.0800484461740141,0.000141835623504641,0.000181680145724811,0.000217759170374087,0.321922579874371,0.000385331940132443,0.596325763966114
"28",0.0336417072413317,0.00038419052163235,0.0126255235646698,0.590510727561401,0.000242656041254326,0.000275705030644483,0.0094613963110486,0.00123727430313838,0.00161128451398556,0.350009534910894
