"","B-cell","Dendritic","Endothelial","Fibroblast","Macrophage","Mast","myocyte","other","T-cell","tumor"
"6",0.000260666007965049,0.00079403308672923,0.102807663908146,0.0124146398824224,0.00261380419347931,0.000273341565917664,0.000129473606313319,0.278072537610208,0.0233384073551586,0.57929543278366
"16",0.00327656922053439,0.0112513429271808,0.158181258207764,0.273809097756843,0.000691881421133248,0.0458324640467295,7.5839576073328e-05,0.00246727679163312,0.256884025333373,0.247530244718735
"17",0.024137695523737,0.000387935982422237,0.0846194996906776,0.0820377288621458,0.000362821148369747,0.0234820275642397,5.20964011080413e-05,0.00764368144432764,0.000548329318735682,0.776728184064237
"18",0.0434285731438557,0.00132329054886698,0.069102078915953,0.111766466068292,0.0160825686321459,0.0141244764723818,0.000773111555941599,0.142466044978491,0.347494876364347,0.253438513319725
"20",0.000112533555372064,0.000115255772077543,0.000292121135932202,0.00229073968987429,8.06867432884774e-05,7.98561770194405e-05,7.37933026694146e-05,0.0146144912205249,9.40984713658338e-05,0.982246423931876
"22",0.000316652268626375,0.000301978378280143,0.000331497557918595,0.111415016329912,0.00029634782801713,0.000215563264835762,0.000918496126689909,0.00254155049261593,0.000359246231011867,0.883303651522092
"25",0.0257752302279319,0.036759394985886,0.000217450253449806,0.361506393424664,0.00579375566025603,0.0357218035177076,0.000476039844520387,0.000403345955424604,0.19226699406119,0.34107959206897
"26",0.000340949667541171,0.00856011167893569,0.000640709470522928,0.263907942825388,0.0014790269751424,0.000222010717665748,0.000106842034054435,0.00147111029621127,0.000522739387378503,0.72274855694716
"28",0.0334831462613248,0.00144580672333391,0.0429716268131463,0.637798905300313,0.00477283320641606,0.000138055538912042,0.0281581372462571,0.000595654283692154,0.000361111629189403,0.250274722997415
