"","B-cell","Dendritic","Endothelial","Fibroblast","Macrophage","Mast","myocyte","other","T-cell","tumor"
"6",0.00862756968228134,0.00172981516718112,0.412343340957513,0.42713836496639,0.00868957242958687,0.000522245315217172,0.000380370660315163,0.00308092658753587,0.00104210726597794,0.136445686968001
"16",0.000458632578412894,0.0178381913742487,0.000305910816390174,0.232043171809974,0.00502603328094775,0.0715219732677792,0.000886239680873556,0.00167922781145987,0.350166155128475,0.320074464251439
"17",0.00846917860171274,0.0211966031893717,0.00032631032241343,0.000787620284896371,0.000826186795593026,0.00032689056302901,0.000244215036509223,0.0033280472407999,0.241877442585788,0.722617505379886
"18",0.0573715716627533,0.00408834628091097,0.0696629392443022,0.123445122480015,0.00600970491874747,0.0143421429533764,0.00486534659655719,0.0683043151560856,0.427807831437004,0.224102679270248
"20",0.000218330736594492,0.000196549400242271,0.000286094404872736,0.000356343667506218,0.000145023241985078,0.000105697165948044,0.000172288433904419,0.00134318776812895,0.000257865389931485,0.996918619790886
"22",0.000979951755969066,0.00917819440449774,0.00795594705753115,0.308572135791272,0.0010335938990157,0.108794660236481,0.000826250701309956,0.00162685040893019,0.00131607537467328,0.55971634037032
"25",0.000466420623216099,0.00153316589875613,0.000966516311244475,0.330606259946492,0.000551885300930829,0.0191652727885761,0.0118875043077044,0.0394807078276672,0.35988920689641,0.235453060099002
"26",0.00188450090679587,0.00143666134552467,0.00232401223134638,0.378934524429627,0.0189031114078225,0.000325661900968979,0.00108345071256693,0.00568246775304463,0.00426653864618879,0.585159070666114
"28",0.0633483671396692,0.00588761972506948,0.0561954831722781,0.500415432379867,0.00066538356554801,0.000902893292818408,0.00805653405745138,0.00146467377698571,0.00191046881402755,0.361153144076285
