"","B-cell","Dendritic","Endothelial","Fibroblast","Macrophage","Mast","myocyte","other","T-cell","tumor"
"6",0.000517362889398178,0.000775215652760191,0.0862237674284267,0.0009639641095245,0.00166665798811726,0.000405320108879314,0.000270285993553692,0.377144364852358,0.0274909068390631,0.504542154137919
"16",0.00539898179627445,0.00674635687353519,0.156111623606789,0.276372839480334,0.00207650038055998,0.0371475151768805,0.000395598017817955,0.00239323410478379,0.256606098310807,0.256751252252218
"17",0.0210226101669208,0.000727137925547291,0.0906692646408614,0.0548785278927086,0.000332246475669666,0.0178961891070572,0.000250562554402063,0.0518996211255503,0.000744174126071665,0.761579665985211
"18",0.0475868064306274,0.000464519635816404,0.0815867760766461,0.101775853138322,0.0133838424156841,0.0112960421698836,0.00100334985258333,0.0951784157708796,0.357274315168627,0.29045007934093
"20",0.000208142746945649,0.000148731405641287,0.000323317814900575,0.00350448434531959,0.000187848108631584,0.000106930827389984,0.000211514182361668,0.00763574406349434,9.28461430866377e-05,0.987580440362229
"22",0.000483872830524896,0.000321709040982571,0.000589709136331518,0.11128265480637,0.000336143945607417,0.000250584739256443,0.00256574961704497,0.0107816420345916,0.000360948934294633,0.873026984914996
"25",0.0325933339754707,0.0467958217182886,0.000274639419143996,0.366059463297128,0.00826249216350012,0.0395473425461826,0.00193007082233803,0.000899205672325961,0.157716555359871,0.34592107502575
"26",0.000759484333642347,0.00208739685517013,0.00066420324133629,0.257357980022922,0.00118411968887556,0.00032089915387347,0.00055361014627203,0.00137712565891767,0.00111805455356753,0.734577126345423
"28",0.0295379415651749,0.0033108915121845,0.0299696969540616,0.652000238737866,0.000457193293212841,0.00024384992991016,0.0233258680386735,0.000584095753293111,0.00123816928491125,0.259332054930713
