"","B-cell","Dendritic","Endothelial","Fibroblast","Macrophage","Mast","myocyte","other","T-cell","tumor"
"6",0.0103387146568181,0.000381425375668929,0.10801106266093,0.202653433062566,0.0721209359010349,0.000409348090600893,0.00465804329839288,0.000606804270322634,0.000257561185271085,0.600562671498395
"16",0.000119967700447121,0.000220974703830054,4.00765986501138e-05,6.30985762774395e-05,0.000130749913058894,7.4357215622952e-05,3.40387485689226e-05,6.00202125949584e-05,0.996415158395741,0.00284155793520893
"17",0.000216865230609264,0.000853781915235325,9.54168235759593e-05,8.83696092102099e-05,0.000152178664809865,0.00762613979632543,6.79781310684963e-05,0.00029150993697922,0.15187300935664,0.838734750535547
"18",0.000426039309920875,0.000235444570650028,0.000124982936478812,0.000191031144590728,0.000178600380479325,0.00848317320471312,6.60639541571193e-05,0.380911138424251,0.330898339053663,0.278485187021095
"20",0.0012459390390548,9.47489358247363e-05,0.00012075089751069,0.0103017126144048,0.000199513473670161,9.50222870297309e-05,0.00010988846965185,0.000683475043623169,6.05661206462945e-05,0.987088383118584
"22",0.000518414707076865,0.000546680681222142,0.000276796883916002,0.174844044899717,0.000258871188542307,0.175369444502049,0.000197518068478874,0.0018868519794605,0.000333483289879545,0.645767893799657
"25",0.0420615977584987,0.0242006679382512,0.000160382692287142,0.334095655967169,0.000135015469384346,0.0100001662898367,0.0239872434735631,0.0320559166964621,0.00641994630727176,0.526883407407275
"26",0.000163247697116454,0.00524254422861231,0.000133109435369688,0.104836725820169,0.000123715333711435,0.000157399170408911,0.000100538314820842,0.235997599583568,0.000203641988782034,0.653041478427442
"28",0.0316685312621581,0.000458698384466271,0.0279948981179957,0.618678990580541,0.000293515629467011,9.90007216078905e-05,0.0111038804735183,0.000524997070674495,0.00459437514989732,0.304583112609674
