"","B-cell","Dendritic","Endothelial","Fibroblast","Macrophage","Mast","myocyte","other","T-cell","tumor"
"6",0.00860753276502986,0.000396674770651021,0.351711638971009,0.467998407879252,0.00329867815579658,0.000406248219779868,0.000215309498549336,0.00036035202454436,0.000864889665233982,0.166140268050155
"16",0.000215395576294574,0.0130732023401949,0.000284661323520591,0.191653277504936,0.0140463175167459,0.0641700569553084,0.000137160471719974,0.00967784283002594,0.369249208568383,0.337492876912871
"17",0.00542904438739784,0.00290242184760841,0.000120282796056103,0.000202910631826535,0.000311930661131019,0.00020194698191035,0.000106470909230873,0.00419210267116939,0.265259153504651,0.721273735609019
"18",0.0386259594027015,0.000960711950248873,0.0707665300076754,0.121808211689071,0.000501586920179703,0.0122369922889403,0.00290605163558436,0.0626335562880194,0.44243237000414,0.24712802981344
"20",8.97182967040566e-05,8.78651830633133e-05,9.61210161363464e-05,0.000140354735219149,4.90756182004104e-05,6.27268629118225e-05,0.000118466948701995,0.00012248044825002,8.98753156076217e-05,0.999143315575205
"22",0.000322415078905767,0.0228862283582833,0.00640184944349703,0.282672971455455,0.00063852278485539,0.087164211397983,0.000276143604088209,0.000872624858992819,0.00107576219302249,0.597689270824917
"25",0.000368677529764889,0.000198831669161262,0.000334221752114174,0.329661781701858,0.000191867352095874,0.018738984697362,0.0084512489141843,0.0282183951578953,0.366748437185579,0.247087554039985
"26",0.0029697178090541,0.000507143628388123,0.000479913710624145,0.329720920930231,0.0185687177587006,0.000264970959831154,0.000165645705773289,0.0333305931711953,0.00561856927040226,0.6083738070558
"28",0.0576348031012342,0.00350558404069634,0.0462532573674031,0.489098475356569,0.000404258357173208,0.000495551501518437,0.00538515948291275,0.000593484955163203,0.000721374188960702,0.395908051648369
