"","B-cell","Dendritic","Endothelial","Fibroblast","Macrophage","Mast","myocyte","other","T-cell","tumor"
"6",0.0255030732418478,0.00592559811195148,0.219474824349897,0.308803943152859,0.0212659670407633,0.000908182323592376,0.000379055637182118,0.0125295717989832,0.000952477669855672,0.404257306673068
"16",0.000337257180922379,0.000528023217521906,0.000325728722230048,0.244044285406232,0.00106111476368295,0.00157032271580092,0.00745363810891882,0.0125132496162376,0.577302574631653,0.1548638056368
"17",0.00343938515197275,0.0069534093737375,0.01560611832951,0.0216096710660925,0.000432620448765728,0.0181987106310386,0.000249400256882196,0.0313751639050055,0.0214138443831945,0.880721676453801
"18",0.00975591896569949,0.00207341946484214,0.109824752568682,0.0716861538715002,0.0335982646386112,0.0172491058083326,0.000250075866547074,0.00734638255644661,0.388957566977228,0.35925835928211
"20",0.000288108704620642,0.000223407020336303,0.000215630058787113,0.000708459819517107,0.000117241140271134,0.000117480337858743,0.00102529375499404,0.00193020274596602,0.000216032781753685,0.995158143635895
"22",0.000424804799866045,0.000430051741446685,0.000657795482824983,0.316015679879647,0.000307871411708045,0.110721336835106,0.000403225138942157,0.0038411039630014,0.00100230921024575,0.566195821537212
"25",0.0374110097689627,0.0325859138693499,0.00989882443257226,0.268563772064374,0.0105219529076719,0.022598997338768,0.0120710092473284,0.00721291565901938,0.30410399067931,0.295031614032644
"26",0.00784239377385838,0.0137674651363072,0.000668704900924312,0.264493427025935,0.00193256433807459,0.0139537239295435,0.000342850637744242,0.000505522928625894,0.0177281420785046,0.678765205250483
"28",0.0185640482885562,0.000451719575046986,0.00944028190722228,0.672485906538168,0.00654315391193078,0.00517164404287541,0.0424598298632681,0.00111920993881389,0.000739844592325788,0.243024361341793
