"","B-cell","B.cell","Endothelial","Fibroblast","Macrophage","Mast","other","other.1","T-cell","tumor"
"6",0.000333052394014432,0.00014937030869518,0.283148357265273,0.122397382018243,0.00770057195609123,0.00996759036999505,0.00168229353244903,0.000353908522559789,0.000316956201754092,0.573950517430925
"16",0.000416782443467517,0.0120030412504796,0.359004334188581,0.256657768349486,0.017010281270285,0.0219308719565635,0.000139709605512455,0.278307477794485,8.14949558693904e-05,0.0544482381852705
"17",0.000268481855553445,0.0109305059947795,0.0319934222079975,0.0746978070056612,0.0168122842385266,0.00472542105482721,0.103451260314631,0.0297937698152476,4.54073150270251e-05,0.727281640197749
"18",0.000329681081350086,0.0122459607897992,0.0009528594081198,0.0249636189745481,0.000725545628263256,0.0479355975471729,0.2757511847677,0.109930544901823,0.000101822416474688,0.527063184484748
"20",8.70430987017231e-05,9.4106338354938e-05,0.00796429668806476,0.0761220520663608,6.49591115896829e-05,4.89710166048397e-05,0.0259405366880703,7.18405632738008e-05,7.92699577206426e-05,0.889526924471258
"22",0.000227667218899591,0.000675785626312334,0.000301121356744198,0.175341062389343,0.000209948837479598,0.0325488275294908,0.026517495835983,0.000283616633769178,0.000122234717764866,0.763772239854213
"25",0.0128415504109207,0.0515250358196267,0.00012777639201074,0.500153877835734,0.00849072547030933,0.0101600151217384,0.000514481802827616,8.58825365522436e-05,0.0273952660944665,0.388705388515814
"26",0.00129528175979432,0.00148629576093263,0.000447247731409196,0.284035755255359,0.00919525015114332,0.000136690570471373,0.000804020740735687,0.000364552863167261,0.00012668963868617,0.702108215528301
"28",0.000151163529931542,0.0440384588496072,0.0163319222775499,0.720667666161188,0.000113250338708095,6.06865365844168e-05,0.000323185483121987,0.000198447376082587,0.00132227551650925,0.216792943930717
