"","B-cell","Dendritic","Endothelial","Fibroblast","Macrophage","Mast","myocyte","other","T-cell","tumor"
"6",0.0175257579469347,0.0022610788500312,0.111277089602289,0.177450455327676,0.0661232394771418,0.000285020346495524,0.000682863070723096,0.00152759458818017,0.000447982626972181,0.622418918163557
"16",0.000627006015331438,0.000319893973734431,0.00011425946411675,9.15923300537656e-05,0.000222831951408093,0.000184271852189727,0.000143351428917509,9.17645579725915e-05,0.995449101429806,0.00275592699646968
"17",0.000209152497654653,0.00142047528469407,0.00029230024907666,0.000254027184492255,0.000239681798689725,0.00812667267819806,8.92498683897959e-05,0.000902955989833026,0.140066662451847,0.848398821997125
"18",0.000749917130851743,0.000700026296519265,0.000439162100808221,0.000331662002765026,0.000366757422410835,0.0113253720486274,0.000209956510550372,0.358385155565485,0.320774282708462,0.30671770821352
"20",0.000570145348816728,0.000172955133090631,0.000254923250963328,0.00884173072338526,9.15622674987853e-05,0.000112716012941049,0.000287253918064776,0.000620333411279429,0.000103686913808649,0.988944693020151
"22",0.000530243117872374,0.000957651714316973,0.000517429638553655,0.175647710534763,0.00136558483677828,0.150835481345504,0.000557759965874315,0.00606653611430889,0.00124436607349938,0.66227723665853
"25",0.0305471667027744,0.0235277800296358,0.00103988165235329,0.312165434312316,0.00500579803315744,0.0100272951774271,0.0227536363336186,0.0574952658380919,0.00905548359389841,0.528382258326727
"26",0.000238219774089053,0.00157761060553223,0.000541498839216047,0.0865844329712473,0.000213644915512648,0.000255948082124262,0.000277502454068479,0.277824743026974,0.00109808878140898,0.631388310549827
"28",0.0324360489074715,0.000686975496802458,0.0159882472996018,0.603306538930776,0.000269981453708323,0.000203976206991172,0.0104219500644965,0.00101757129159498,0.00255535073186249,0.333113359616695
