"","B-cell","Dendritic","Endothelial","Fibroblast","Macrophage","Mast","myocyte","other","T-cell","tumor"
"6",0.000728804020781581,0.00222761028905095,0.109464839490729,0.0016988358771306,0.0097846320277892,0.000460058641058226,0.000557672991947074,0.318424042414493,0.00195701126446746,0.554696492982552
"16",0.00907204650918579,0.00401354423416134,0.159055856256602,0.284325032034993,0.00351793166057362,0.0382621297319149,0.000372776386341542,0.00315629568753919,0.25700043369875,0.241223953799939
"17",0.0261690652856138,0.000656530922938442,0.087974777137714,0.0579074943038995,0.000372969124171404,0.0190447236549261,0.000317836261976235,0.00541882759693504,0.00064176438881989,0.801496011323006
"18",0.043193473398618,0.0019354748002027,0.0759712253886703,0.11251561109481,0.00281889694701816,0.0103032323885204,0.00236926845777776,0.118642919297803,0.36898682261699,0.26326307560959
"20",0.00022348946139646,0.000227649144139378,0.000688914443087813,0.00417327596886475,0.000161312208831084,0.000204428663986208,0.000409167241534906,0.00600603035921533,0.000191922789880768,0.987713809719063
"22",0.000494977274446552,0.000504453584195132,0.00091729669043242,0.112717067337586,0.00046111096188222,0.000391922846102643,0.00157814410578583,0.00324490332201988,0.000647881550987262,0.879042242326562
"25",0.0326349657994747,0.0367094636990674,0.000274363053799738,0.371154897822339,0.0137575153414579,0.0345050541574148,0.00134718453970602,0.00143026855392581,0.170598973587368,0.337587313445446
"26",0.0017787645463987,0.00352119086128156,0.00226308122538771,0.263350286249975,0.00242340425490594,0.000434784253347062,0.000568793679198331,0.00266985156209543,0.0047047500696659,0.718285093297744
"28",0.0312112644173278,0.00761018609631232,0.0358501888738303,0.630747079046422,0.000857596071434258,0.000236658741603485,0.0242015698749156,0.00160622014317648,0.000663299100458526,0.267015937634519
