"","B-cell","Dendritic","Endothelial","Fibroblast","Macrophage","Mast","myocyte","other","T-cell","tumor"
"6",0.00857993951335113,0.00133218783926851,0.396032883758087,0.433861466057196,0.00487003729708526,0.000388571075966732,0.000168553271246523,0.000497956134386066,0.000531926898314138,0.153736478155098
"16",0.00030587399579438,0.0100041258426613,0.00035465042129719,0.219347509739209,0.0100859555021477,0.0709505330654687,0.000546892506361925,0.00654004164164801,0.3627351216692,0.319129295616212
"17",0.00552164421881124,0.0126646867113501,0.000182599931072293,0.000527827950913234,0.000246189044091211,0.000171108073896366,0.000147274832771448,0.00248919678394836,0.260439180315984,0.717610292137162
"18",0.0447551183854859,0.00116672573591918,0.0814727773031073,0.11570776896169,0.00418700053023763,0.0131432067071744,0.00529407778692696,0.0503450748150863,0.436763972662504,0.247164277111868
"20",0.000115420163256732,0.000152666332330121,0.000144392713455963,0.000125463153129371,7.22152929973607e-05,6.74179474230678e-05,0.000314061677819633,0.00049696063302833,0.000140879870313328,0.998370522216246
"22",0.000820528930472857,0.0149233027930872,0.00690974955902351,0.316440239029434,0.000677058622114952,0.0907124308989643,0.000408505570803187,0.00295093268198706,0.00235626234136724,0.563800989572746
"25",0.000494200527676635,0.000402965003527021,0.000542643574306569,0.334661859025206,0.000413267421589918,0.01964662373991,0.00684181966538215,0.0276718767301725,0.367415374758986,0.241909369553244
"26",0.00120941598771965,0.000905241472548804,0.00108793535399083,0.355668458149153,0.0193861835108293,0.000239403083003466,0.000273087548526004,0.0231366833361188,0.00558539442302489,0.592508197135085
"28",0.0560834491494613,0.00190927121366224,0.0520339518555178,0.506249649577594,0.000870493831603778,0.000315320426232725,0.00353171561941304,0.00114089016774092,0.000826274133219845,0.377038984025555
