"","B-cell","Endothelial","Fibroblast","Macrophage","Mast","myocyte","other","T-cell","T.cell","tumor"
"26",0.00201664062219529,0.00249527895313209,0.342297274617374,0.120793075212648,0.00885552185870779,0.00180422084781368,0.00486510610071986,0.0251805050104118,0.00307540915761209,0.488616967619385
